id,description,code,md5,foxdog,hexdigits,lorem,punctuation,zebra
1,remove all instances of the letter e from the string then replace all spaces with exclamation points in the string,"def process(s):
    s =  s.replace(""e"", """")
    s =  s.replace("" "", ""!"")",eab8b35e269b9896aee9bb15403b67b5,Th!quick!brown!fox!jumps!ovr!a!lazy!dog!,0123456789abcdfABCDEF,"Lorm!ipsum!dolor!sit!amt,!conscttur!adipiscing!lit,!sd!do!iusmod!tmpor!incididunt!ut!labor!t!dolor!magna!aliqua.!Ut!nim!ad!minim!vniam,!quis!nostrud!xrcitation!ullamco!laboris!nisi!ut!aliquip!x!a!commodo!consquat.!Duis!aut!irur!dolor!in!rprhndrit!in!voluptat!vlit!ss!cillum!dolor!u!fugiat!nulla!pariatur.!Excptur!sint!occacat!cupidatat!non!proidnt,!sunt!in!culpa!qui!officia!dsrunt!mollit!anim!id!st!laborum?","!""#$%&'()*+,-./:;<=>?@[\]^_`{|}~",How!quickly!daft!jumping!zbras!vx!
2,remove all instances of the letter e from the string then convert the string s to lowercase,"def process(s):
    s =  s.replace(""e"", """")
    s =  s.lower()",f5f16674bc96dbcacddbea0fd8349e10,th quick brown fox jumps ovr a lazy dog!,0123456789abcdfabcdef,"lorm ipsum dolor sit amt, conscttur adipiscing lit, sd do iusmod tmpor incididunt ut labor t dolor magna aliqua. ut nim ad minim vniam, quis nostrud xrcitation ullamco laboris nisi ut aliquip x a commodo consquat. duis aut irur dolor in rprhndrit in voluptat vlit ss cillum dolor u fugiat nulla pariatur. excptur sint occacat cupidatat non proidnt, sunt in culpa qui officia dsrunt mollit anim id st laborum?","!""#$%&'()*+,-./:;<=>?@[\]^_`{|}~",how quickly daft jumping zbras vx!
3,remove all instances of the letter e from the string then remove the first and last two characters of the string,"def process(s):
    s =  s.replace(""e"", """")
    s =  s[2:-2]",62fe5726a35bcd2c9ed9b98eaaa946b6, quick brown fox jumps ovr a lazy do,23456789abcdfABCD,"rm ipsum dolor sit amt, conscttur adipiscing lit, sd do iusmod tmpor incididunt ut labor t dolor magna aliqua. Ut nim ad minim vniam, quis nostrud xrcitation ullamco laboris nisi ut aliquip x a commodo consquat. Duis aut irur dolor in rprhndrit in voluptat vlit ss cillum dolor u fugiat nulla pariatur. Excptur sint occacat cupidatat non proidnt, sunt in culpa qui officia dsrunt mollit anim id st laboru","#$%&'()*+,-./:;<=>?@[\]^_`{|",w quickly daft jumping zbras v
4,remove all instances of the letter e from the string then remove every third character from the string,"def process(s):
    s =  s.replace(""e"", """")
    s =  """".join(char for i, char in enumerate(s) if i % 3 != 0)",87f9745ecb90cd3e518f537906fc4ada,h uik ron oxjupsov alay og,124578abdfBCEF,"or isu dlo st mt cnsttr diisin lt,sddoiumo tpo iciidntutlaort olr aga liua U nm d inm nim,qus osru xciatonulamo abri nsiutalqup  acomoo onqut.Dus utirr olr n prnditinvoupatvlt s ilumdooru ugatnulapaiaur Ecpursit ccca cpiatt onpridt,sut n ula uiofica srntmoli aimidstlaorm?","""#%&()+,./;<>?[\^_{|~",owqucky af jmpngzbasvx
5,"remove all instances of the letter e from the string then drop the last half of the string, as computed by characters","def process(s):
    s =  s.replace(""e"", """")
    s =  s[: len(s) // 2]",b085331cb45c64d0d3c9b5eb0709ac76,Th quick brown fox j,0123456789,"Lorm ipsum dolor sit amt, conscttur adipiscing lit, sd do iusmod tmpor incididunt ut labor t dolor magna aliqua. Ut nim ad minim vniam, quis nostrud xrcitation ullamco laboris nisi ut aliquip x a commodo ","!""#$%&'()*+,-./:",How quickly daft 
6,remove all instances of the letter e from the string then replace spaces with triple spaces,"def process(s):
    s =  s.replace(""e"", """")
    s =  s.replace("" "", ""   "")",00c23e297f94a53cf7c27fab0f401c46,Th   quick   brown   fox   jumps   ovr   a   lazy   dog!,0123456789abcdfABCDEF,"Lorm   ipsum   dolor   sit   amt,   conscttur   adipiscing   lit,   sd   do   iusmod   tmpor   incididunt   ut   labor   t   dolor   magna   aliqua.   Ut   nim   ad   minim   vniam,   quis   nostrud   xrcitation   ullamco   laboris   nisi   ut   aliquip   x   a   commodo   consquat.   Duis   aut   irur   dolor   in   rprhndrit   in   voluptat   vlit   ss   cillum   dolor   u   fugiat   nulla   pariatur.   Excptur   sint   occacat   cupidatat   non   proidnt,   sunt   in   culpa   qui   officia   dsrunt   mollit   anim   id   st   laborum?","!""#$%&'()*+,-./:;<=>?@[\]^_`{|}~",How   quickly   daft   jumping   zbras   vx!
7,remove all instances of the letter e from the string then reverse the order of words in the string,"def process(s):
    s =  s.replace(""e"", """")
    s =  "" "".join(s.split()[::-1])",079a3f3bc53c1c315be23c2924bc1939,dog! lazy a ovr jumps fox brown quick Th,0123456789abcdfABCDEF,"laborum? st id anim mollit dsrunt officia qui culpa in sunt proidnt, non cupidatat occacat sint Excptur pariatur. nulla fugiat u dolor cillum ss vlit voluptat in rprhndrit in dolor irur aut Duis consquat. commodo a x aliquip ut nisi laboris ullamco xrcitation nostrud quis vniam, minim ad nim Ut aliqua. magna dolor t labor ut incididunt tmpor iusmod do sd lit, adipiscing conscttur amt, sit dolor ipsum Lorm","!""#$%&'()*+,-./:;<=>?@[\]^_`{|}~",vx! zbras jumping daft quickly How
8,"remove all instances of the letter e from the string then drop the first half of the string, as computed by number of words","def process(s):
    s =  s.replace(""e"", """")
    s =  "" "".join(s.split()[len(s.split ()) // 2 :])),",1419f28b55aace2fb8e144acec1aba1d,jumps ovr a lazy dog!,0123456789abcdfABCDEF,"commodo consquat. Duis aut irur dolor in rprhndrit in voluptat vlit ss cillum dolor u fugiat nulla pariatur. Excptur sint occacat cupidatat non proidnt, sunt in culpa qui officia dsrunt mollit anim id st laborum?","!""#$%&'()*+,-./:;<=>?@[\]^_`{|}~",jumping zbras vx!
9,remove all instances of the letter e from the string then add the word apples after every word in the string,"def process(s):
    s =  s.replace(""e"", """")
    s =  "" "".join(word + "" apples"" for word in s.split())",f0bb265d87a5e1f3aae78cb93931cc3b,Th apples quick apples brown apples fox apples jumps apples ovr apples a apples lazy apples dog! apples,0123456789abcdfABCDEF apples,"Lorm apples ipsum apples dolor apples sit apples amt, apples conscttur apples adipiscing apples lit, apples sd apples do apples iusmod apples tmpor apples incididunt apples ut apples labor apples t apples dolor apples magna apples aliqua. apples Ut apples nim apples ad apples minim apples vniam, apples quis apples nostrud apples xrcitation apples ullamco apples laboris apples nisi apples ut apples aliquip apples x apples a apples commodo apples consquat. apples Duis apples aut apples irur apples dolor apples in apples rprhndrit apples in apples voluptat apples vlit apples ss apples cillum apples dolor apples u apples fugiat apples nulla apples pariatur. apples Excptur apples sint apples occacat apples cupidatat apples non apples proidnt, apples sunt apples in apples culpa apples qui apples officia apples dsrunt apples mollit apples anim apples id apples st apples laborum? apples","!""#$%&'()*+,-./:;<=>?@[\]^_`{|}~ apples",How apples quickly apples daft apples jumping apples zbras apples vx! apples
10,remove all instances of the letter e from the string then make every other character in the string uppercase,"def process(s):
    s =  s.replace(""e"", """")
    s =  """".join(char.upper() if i % 2 == 0 else char for i, char in enumerate(s))",f8debad034cff05c3f838efd75f5234c,Th qUiCk bRoWn fOx jUmPs oVr a lAzY DoG!,0123456789AbCdFABCDEF,"LoRm iPsUm dOlOr sIt aMt, CoNsCtTuR AdIpIsCiNg lIt, Sd dO IuSmOd tMpOr iNcIdIdUnT Ut lAbOr t dOlOr mAgNa aLiQuA. UT NiM Ad mInIm vNiAm, QuIs nOsTrUd xRcItAtIoN UlLaMcO LaBoRiS NiSi uT AlIqUiP X A CoMmOdO CoNsQuAt. DuIs aUt iRuR DoLoR In rPrHnDrIt iN VoLuPtAt vLiT Ss cIlLuM DoLoR U FuGiAt nUlLa pArIaTuR. EXcPtUr sInT OcCaCaT CuPiDaTaT NoN PrOiDnT, sUnT In cUlPa qUi oFfIcIa dSrUnT MoLlIt aNiM Id sT LaBoRuM?","!""#$%&'()*+,-./:;<=>?@[\]^_`{|}~",HoW QuIcKlY DaFt jUmPiNg zBrAs vX!
11,"remove all instances of the letter e from the string then delete all excamation points, question marks, and periods from the string","def process(s):
    s =  s.replace(""e"", """")
    s =  """".join([x for x in s if x not in "".!?""])",ebff1d779aa98439b4dfeb1c5f58248c,Th quick brown fox jumps ovr a lazy dog,0123456789abcdfABCDEF,"Lorm ipsum dolor sit amt, conscttur adipiscing lit, sd do iusmod tmpor incididunt ut labor t dolor magna aliqua Ut nim ad minim vniam, quis nostrud xrcitation ullamco laboris nisi ut aliquip x a commodo consquat Duis aut irur dolor in rprhndrit in voluptat vlit ss cillum dolor u fugiat nulla pariatur Excptur sint occacat cupidatat non proidnt, sunt in culpa qui officia dsrunt mollit anim id st laborum","""#$%&'()*+,-/:;<=>@[\]^_`{|}~",How quickly daft jumping zbras vx
12,replace all spaces with exclamation points in the string then convert the string s to lowercase,"def process(s):
    s =  s.replace("" "", ""!"")
    s =  s.lower()",0241891df6d4dfa2118bdd343aaba318,the!quick!brown!fox!jumps!over!a!lazy!dog!,0123456789abcdefabcdef,"lorem!ipsum!dolor!sit!amet,!consectetur!adipiscing!elit,!sed!do!eiusmod!tempor!incididunt!ut!labore!et!dolore!magna!aliqua.!ut!enim!ad!minim!veniam,!quis!nostrud!exercitation!ullamco!laboris!nisi!ut!aliquip!ex!ea!commodo!consequat.!duis!aute!irure!dolor!in!reprehenderit!in!voluptate!velit!esse!cillum!dolore!eu!fugiat!nulla!pariatur.!excepteur!sint!occaecat!cupidatat!non!proident,!sunt!in!culpa!qui!officia!deserunt!mollit!anim!id!est!laborum?","!""#$%&'()*+,-./:;<=>?@[\]^_`{|}~",how!quickly!daft!jumping!zebras!vex!
13,replace all spaces with exclamation points in the string then remove the first and last two characters of the string,"def process(s):
    s =  s.replace("" "", ""!"")
    s =  s[2:-2]",1af8bab1c97b12875bd1b7765b6b246d,e!quick!brown!fox!jumps!over!a!lazy!do,23456789abcdefABCD,"rem!ipsum!dolor!sit!amet,!consectetur!adipiscing!elit,!sed!do!eiusmod!tempor!incididunt!ut!labore!et!dolore!magna!aliqua.!Ut!enim!ad!minim!veniam,!quis!nostrud!exercitation!ullamco!laboris!nisi!ut!aliquip!ex!ea!commodo!consequat.!Duis!aute!irure!dolor!in!reprehenderit!in!voluptate!velit!esse!cillum!dolore!eu!fugiat!nulla!pariatur.!Excepteur!sint!occaecat!cupidatat!non!proident,!sunt!in!culpa!qui!officia!deserunt!mollit!anim!id!est!laboru","#$%&'()*+,-./:;<=>?@[\]^_`{|",w!quickly!daft!jumping!zebras!ve
14,replace all spaces with exclamation points in the string then removes all vowels from the string,"def process(s):
    s =  s.replace("" "", ""!"")
    s =  """".join(char for char in s if char not in ""aeiouAEIOU"")",60fe4ec4df9e014f367c43f932c51f28,Th!qck!brwn!fx!jmps!vr!!lzy!dg!,0123456789bcdfBCDF,"Lrm!psm!dlr!st!mt,!cnscttr!dpscng!lt,!sd!d!smd!tmpr!ncddnt!t!lbr!t!dlr!mgn!lq.!t!nm!d!mnm!vnm,!qs!nstrd!xrcttn!llmc!lbrs!ns!t!lqp!x!!cmmd!cnsqt.!Ds!t!rr!dlr!n!rprhndrt!n!vlptt!vlt!ss!cllm!dlr!!fgt!nll!prtr.!xcptr!snt!ccct!cpdtt!nn!prdnt,!snt!n!clp!q!ffc!dsrnt!mllt!nm!d!st!lbrm?","!""#$%&'()*+,-./:;<=>?@[\]^_`{|}~",Hw!qckly!dft!jmpng!zbrs!vx!
15,replace all spaces with exclamation points in the string then remove every third character from the string,"def process(s):
    s =  s.replace("" "", ""!"")
    s =  """".join(char for i, char in enumerate(s) if i % 3 != 0)",73038eef1efa785545e92449eecc5345,hequckbrwnfo!jmp!oera!az!dg!,124578abdeABDE,"orm!psm!olr!itamt,coseteuradpicig!li,!eddoeismd!emoriniddut!t!abreetdoor!mgn!aiqa.Utenm!d!inm!enam!qisnotrd!xeciatonulamo!abri!nsiutalqup!x!a!omod!cnsqut.Dus!ut!iur!dlo!i!rprhedeitinvoupat!vli!esecilu!dloe!u!ugatnulapaiaur!Eceter!in!ocaca!cpiatt!onpridnt!sntincupaqu!ofiiadeerntmoli!aimides!lboum","""#%&()+,./;<>?[\^_{|~",owqucky!af!jmpngzera!vx!
16,"replace all spaces with exclamation points in the string then drop the last half of the string, as computed by characters","def process(s):
    s =  s.replace("" "", ""!"")
    s =  s[: len(s) // 2]",e70baf6c2e7366957851152184d05c5b,The!quick!brown!fox!j,0123456789a,"Lorem!ipsum!dolor!sit!amet,!consectetur!adipiscing!elit,!sed!do!eiusmod!tempor!incididunt!ut!labore!et!dolore!magna!aliqua.!Ut!enim!ad!minim!veniam,!quis!nostrud!exercitation!ullamco!laboris!nisi!ut!aliquip!ex!ea!commodo!c","!""#$%&'()*+,-./:",How!quickly!daft!j
17,replace all spaces with exclamation points in the string then reverse the order of words in the string,"def process(s):
    s =  s.replace("" "", ""!"")
    s =  "" "".join(s.split()[::-1])",72ecb316460891a87018de4de2b5b603,The!quick!brown!fox!jumps!over!a!lazy!dog!,0123456789abcdefABCDEF,"Lorem!ipsum!dolor!sit!amet,!consectetur!adipiscing!elit,!sed!do!eiusmod!tempor!incididunt!ut!labore!et!dolore!magna!aliqua.!Ut!enim!ad!minim!veniam,!quis!nostrud!exercitation!ullamco!laboris!nisi!ut!aliquip!ex!ea!commodo!consequat.!Duis!aute!irure!dolor!in!reprehenderit!in!voluptate!velit!esse!cillum!dolore!eu!fugiat!nulla!pariatur.!Excepteur!sint!occaecat!cupidatat!non!proident,!sunt!in!culpa!qui!officia!deserunt!mollit!anim!id!est!laborum?","!""#$%&'()*+,-./:;<=>?@[\]^_`{|}~",How!quickly!daft!jumping!zebras!vex!
18,replace all spaces with exclamation points in the string then add the word apples after every word in the string,"def process(s):
    s =  s.replace("" "", ""!"")
    s =  "" "".join(word + "" apples"" for word in s.split())",fb337de51a47b9d318db10a837f2ec68,The!quick!brown!fox!jumps!over!a!lazy!dog! apples,0123456789abcdefABCDEF apples,"Lorem!ipsum!dolor!sit!amet,!consectetur!adipiscing!elit,!sed!do!eiusmod!tempor!incididunt!ut!labore!et!dolore!magna!aliqua.!Ut!enim!ad!minim!veniam,!quis!nostrud!exercitation!ullamco!laboris!nisi!ut!aliquip!ex!ea!commodo!consequat.!Duis!aute!irure!dolor!in!reprehenderit!in!voluptate!velit!esse!cillum!dolore!eu!fugiat!nulla!pariatur.!Excepteur!sint!occaecat!cupidatat!non!proident,!sunt!in!culpa!qui!officia!deserunt!mollit!anim!id!est!laborum? apples","!""#$%&'()*+,-./:;<=>?@[\]^_`{|}~ apples",How!quickly!daft!jumping!zebras!vex! apples
19,replace all spaces with exclamation points in the string then make every other character in the string uppercase,"def process(s):
    s =  s.replace("" "", ""!"")
    s =  """".join(char.upper() if i % 2 == 0 else char for i, char in enumerate(s))",93c2d490f52ff625a64157f91bd451ff,ThE!QuIcK!BrOwN!FoX!JuMpS!OvEr!a!lAzY!DoG!,0123456789AbCdEfABCDEF,"LoReM!IpSuM!DoLoR!SiT!AmEt,!CoNsEcTeTuR!AdIpIsCiNg!eLiT,!sEd!dO!EiUsMoD!TeMpOr!iNcIdIdUnT!Ut!lAbOrE!Et!dOlOrE!MaGnA!AlIqUa.!Ut!eNiM!Ad!mInIm!vEnIaM,!qUiS!NoStRuD!ExErCiTaTiOn!uLlAmCo!lAbOrIs!nIsI!Ut!aLiQuIp!eX!Ea!cOmMoDo!cOnSeQuAt.!DuIs!aUtE!IrUrE!DoLoR!In!rEpReHeNdErIt!iN!VoLuPtAtE!VeLiT!EsSe!cIlLuM!DoLoRe!eU!FuGiAt!nUlLa!pArIaTuR.!EXcEpTeUr!sInT!OcCaEcAt!cUpIdAtAt!nOn!pRoIdEnT,!sUnT!In!cUlPa!qUi!oFfIcIa!dEsErUnT!MoLlIt!aNiM!Id!eSt!lAbOrUm?","!""#$%&'()*+,-./:;<=>?@[\]^_`{|}~",HoW!QuIcKlY!DaFt!jUmPiNg!zEbRaS!VeX!
20,"replace all spaces with exclamation points in the string then delete all excamation points, question marks, and periods from the string","def process(s):
    s =  s.replace("" "", ""!"")
    s =  """".join([x for x in s if x not in "".!?""])",26b494f81533d028e1f8390011e1e894,Thequickbrownfoxjumpsoveralazydog,0123456789abcdefABCDEF,"Loremipsumdolorsitamet,consecteturadipiscingelit,seddoeiusmodtemporincididuntutlaboreetdoloremagnaaliquaUtenimadminimveniam,quisnostrudexercitationullamcolaborisnisiutaliquipexeacommodoconsequatDuisauteiruredolorinreprehenderitinvoluptatevelitessecillumdoloreeufugiatnullapariaturExcepteursintoccaecatcupidatatnonproident,suntinculpaquiofficiadeseruntmollitanimidestlaborum","""#$%&'()*+,-/:;<=>@[\]^_`{|}~",Howquicklydaftjumpingzebrasvex
21,convert the string s to lowercase then remove all instances of the letter e from the string,"def process(s):
    s =  s.lower()
    s =  s.replace(""e"", """")",80401b9807f31d4f5fd56e5d5a176997,th quick brown fox jumps ovr a lazy dog!,0123456789abcdfabcdf,"lorm ipsum dolor sit amt, conscttur adipiscing lit, sd do iusmod tmpor incididunt ut labor t dolor magna aliqua. ut nim ad minim vniam, quis nostrud xrcitation ullamco laboris nisi ut aliquip x a commodo consquat. duis aut irur dolor in rprhndrit in voluptat vlit ss cillum dolor u fugiat nulla pariatur. xcptur sint occacat cupidatat non proidnt, sunt in culpa qui officia dsrunt mollit anim id st laborum?","!""#$%&'()*+,-./:;<=>?@[\]^_`{|}~",how quickly daft jumping zbras vx!
22,convert the string s to lowercase then remove the first and last two characters of the string,"def process(s):
    s =  s.lower()
    s =  s[2:-2]",2c8239c067ed8d29d0a726b91ff4bba4,e quick brown fox jumps over a lazy do,23456789abcdefabcd,"rem ipsum dolor sit amet, consectetur adipiscing elit, sed do eiusmod tempor incididunt ut labore et dolore magna aliqua. ut enim ad minim veniam, quis nostrud exercitation ullamco laboris nisi ut aliquip ex ea commodo consequat. duis aute irure dolor in reprehenderit in voluptate velit esse cillum dolore eu fugiat nulla pariatur. excepteur sint occaecat cupidatat non proident, sunt in culpa qui officia deserunt mollit anim id est laboru","#$%&'()*+,-./:;<=>?@[\]^_`{|",w quickly daft jumping zebras ve
23,convert the string s to lowercase then removes all vowels from the string,"def process(s):
    s =  s.lower()
    s =  """".join(char for char in s if char not in ""aeiouAEIOU"")",8a48888ec58416d04e2185f82cc73775,th qck brwn fx jmps vr  lzy dg!,0123456789bcdfbcdf,"lrm psm dlr st mt, cnscttr dpscng lt, sd d smd tmpr ncddnt t lbr t dlr mgn lq. t nm d mnm vnm, qs nstrd xrcttn llmc lbrs ns t lqp x  cmmd cnsqt. ds t rr dlr n rprhndrt n vlptt vlt ss cllm dlr  fgt nll prtr. xcptr snt ccct cpdtt nn prdnt, snt n clp q ffc dsrnt mllt nm d st lbrm?","!""#$%&'()*+,-./:;<=>?@[\]^_`{|}~",hw qckly dft jmpng zbrs vx!
24,convert the string s to lowercase then remove every third character from the string,"def process(s):
    s =  s.lower()
    s =  """".join(char for i, char in enumerate(s) if i % 3 != 0)",308dca91eb0d86686143e4bbdec823e4,hequckbrwnfo jmp oera az dg!,124578abdeabde,"orm psm olr itamt,coseteuradpicig li, eddoeismd emoriniddut t abreetdoor mgn aiqa.utenm d inm enam qisnotrd xeciatonulamo abri nsiutalqup x a omod cnsqut.dus ut iur dlo i rprhedeitinvoupat vli esecilu dloe u ugatnulapaiaur eceter in ocaca cpiatt onpridnt sntincupaqu ofiiadeerntmoli aimides lboum","""#%&()+,./;<>?[\^_{|~",owqucky af jmpngzera vx!
25,"convert the string s to lowercase then drop the last half of the string, as computed by characters","def process(s):
    s =  s.lower()
    s =  s[: len(s) // 2]",b800ebfec18d3d51e82f5f19a1412f0a,the quick brown fox j,0123456789a,"lorem ipsum dolor sit amet, consectetur adipiscing elit, sed do eiusmod tempor incididunt ut labore et dolore magna aliqua. ut enim ad minim veniam, quis nostrud exercitation ullamco laboris nisi ut aliquip ex ea commodo c","!""#$%&'()*+,-./:",how quickly daft j
26,convert the string s to lowercase then replace spaces with triple spaces,"def process(s):
    s =  s.lower()
    s =  s.replace("" "", ""   "")",26b3c17f48e8a791ba97c327e61bce7b,the   quick   brown   fox   jumps   over   a   lazy   dog!,0123456789abcdefabcdef,"lorem   ipsum   dolor   sit   amet,   consectetur   adipiscing   elit,   sed   do   eiusmod   tempor   incididunt   ut   labore   et   dolore   magna   aliqua.   ut   enim   ad   minim   veniam,   quis   nostrud   exercitation   ullamco   laboris   nisi   ut   aliquip   ex   ea   commodo   consequat.   duis   aute   irure   dolor   in   reprehenderit   in   voluptate   velit   esse   cillum   dolore   eu   fugiat   nulla   pariatur.   excepteur   sint   occaecat   cupidatat   non   proident,   sunt   in   culpa   qui   officia   deserunt   mollit   anim   id   est   laborum?","!""#$%&'()*+,-./:;<=>?@[\]^_`{|}~",how   quickly   daft   jumping   zebras   vex!
27,convert the string s to lowercase then reverse the order of words in the string,"def process(s):
    s =  s.lower()
    s =  "" "".join(s.split()[::-1])",f58c47396ff8327430c24f483f5018f9,dog! lazy a over jumps fox brown quick the,0123456789abcdefabcdef,"laborum? est id anim mollit deserunt officia qui culpa in sunt proident, non cupidatat occaecat sint excepteur pariatur. nulla fugiat eu dolore cillum esse velit voluptate in reprehenderit in dolor irure aute duis consequat. commodo ea ex aliquip ut nisi laboris ullamco exercitation nostrud quis veniam, minim ad enim ut aliqua. magna dolore et labore ut incididunt tempor eiusmod do sed elit, adipiscing consectetur amet, sit dolor ipsum lorem","!""#$%&'()*+,-./:;<=>?@[\]^_`{|}~",vex! zebras jumping daft quickly how
28,"convert the string s to lowercase then drop the first half of the string, as computed by number of words","def process(s):
    s =  s.lower()
    s =  "" "".join(s.split()[len(s.split ()) // 2 :])),",25a3d4e7528297e78a839e778c2d3739,jumps over a lazy dog!,0123456789abcdefabcdef,"commodo consequat. duis aute irure dolor in reprehenderit in voluptate velit esse cillum dolore eu fugiat nulla pariatur. excepteur sint occaecat cupidatat non proident, sunt in culpa qui officia deserunt mollit anim id est laborum?","!""#$%&'()*+,-./:;<=>?@[\]^_`{|}~",jumping zebras vex!
29,convert the string s to lowercase then add the word apples after every word in the string,"def process(s):
    s =  s.lower()
    s =  "" "".join(word + "" apples"" for word in s.split())",d7547cb809c9e9751f7a89fd5c9a6d88,the apples quick apples brown apples fox apples jumps apples over apples a apples lazy apples dog! apples,0123456789abcdefabcdef apples,"lorem apples ipsum apples dolor apples sit apples amet, apples consectetur apples adipiscing apples elit, apples sed apples do apples eiusmod apples tempor apples incididunt apples ut apples labore apples et apples dolore apples magna apples aliqua. apples ut apples enim apples ad apples minim apples veniam, apples quis apples nostrud apples exercitation apples ullamco apples laboris apples nisi apples ut apples aliquip apples ex apples ea apples commodo apples consequat. apples duis apples aute apples irure apples dolor apples in apples reprehenderit apples in apples voluptate apples velit apples esse apples cillum apples dolore apples eu apples fugiat apples nulla apples pariatur. apples excepteur apples sint apples occaecat apples cupidatat apples non apples proident, apples sunt apples in apples culpa apples qui apples officia apples deserunt apples mollit apples anim apples id apples est apples laborum? apples","!""#$%&'()*+,-./:;<=>?@[\]^_`{|}~ apples",how apples quickly apples daft apples jumping apples zebras apples vex! apples
30,convert the string s to lowercase then make every other character in the string uppercase,"def process(s):
    s =  s.lower()
    s =  """".join(char.upper() if i % 2 == 0 else char for i, char in enumerate(s))",a39568c1b267b6e0b8d6e9d8315c2f86,ThE QuIcK BrOwN FoX JuMpS OvEr a lAzY DoG!,0123456789AbCdEfAbCdEf,"LoReM IpSuM DoLoR SiT AmEt, CoNsEcTeTuR AdIpIsCiNg eLiT, sEd dO EiUsMoD TeMpOr iNcIdIdUnT Ut lAbOrE Et dOlOrE MaGnA AlIqUa. Ut eNiM Ad mInIm vEnIaM, qUiS NoStRuD ExErCiTaTiOn uLlAmCo lAbOrIs nIsI Ut aLiQuIp eX Ea cOmMoDo cOnSeQuAt. DuIs aUtE IrUrE DoLoR In rEpReHeNdErIt iN VoLuPtAtE VeLiT EsSe cIlLuM DoLoRe eU FuGiAt nUlLa pArIaTuR. eXcEpTeUr sInT OcCaEcAt cUpIdAtAt nOn pRoIdEnT, sUnT In cUlPa qUi oFfIcIa dEsErUnT MoLlIt aNiM Id eSt lAbOrUm?","!""#$%&'()*+,-./:;<=>?@[\]^_`{|}~",HoW QuIcKlY DaFt jUmPiNg zEbRaS VeX!
31,"convert the string s to lowercase then delete all excamation points, question marks, and periods from the string","def process(s):
    s =  s.lower()
    s =  """".join([x for x in s if x not in "".!?""])",7536e3a2a458a0fb8848f17c6c58476c,the quick brown fox jumps over a lazy dog,0123456789abcdefabcdef,"lorem ipsum dolor sit amet, consectetur adipiscing elit, sed do eiusmod tempor incididunt ut labore et dolore magna aliqua ut enim ad minim veniam, quis nostrud exercitation ullamco laboris nisi ut aliquip ex ea commodo consequat duis aute irure dolor in reprehenderit in voluptate velit esse cillum dolore eu fugiat nulla pariatur excepteur sint occaecat cupidatat non proident, sunt in culpa qui officia deserunt mollit anim id est laborum","""#$%&'()*+,-/:;<=>@[\]^_`{|}~",how quickly daft jumping zebras vex
32,remove the first and last two characters of the string then removes all vowels from the string,"def process(s):
    s =  s[2:-2]
    s =  """".join(char for char in s if char not in ""aeiouAEIOU"")",69d62c2908042c9df86485f8f7fd23e9, qck brwn fx jmps vr  lzy d,23456789bcdfBCD,"rm psm dlr st mt, cnscttr dpscng lt, sd d smd tmpr ncddnt t lbr t dlr mgn lq. t nm d mnm vnm, qs nstrd xrcttn llmc lbrs ns t lqp x  cmmd cnsqt. Ds t rr dlr n rprhndrt n vlptt vlt ss cllm dlr  fgt nll prtr. xcptr snt ccct cpdtt nn prdnt, snt n clp q ffc dsrnt mllt nm d st lbr","#$%&'()*+,-./:;<=>?@[\]^_`{|",w qckly dft jmpng zbrs v
33,remove the first and last two characters of the string then remove every third character from the string,"def process(s):
    s =  s[2:-2]
    s =  """".join(char for i, char in enumerate(s) if i % 3 != 0)",eae491000758aafc7b49c91752a1abb5, qic bow fx ums ve alay o,34679acdfACD,"emipumdoorsi aet cnscttu aipscngelt,se d eusodtepo iciidntutlaor e dloe aga liua U eimadmiimveia, ui nstudexrctaio ulacolaors is u aiqipexeacomoo oneqat Disaue rue olr n epehndri i vlutae elt ss cllm olreeufuia nll pritu. xcptursit ccect updaatno poien, un i clp qi ffci dseun mllt ni i et abru",$%'(*+-.:;=>@[]^`{, qiclydat umin zbrs e
34,"remove the first and last two characters of the string then drop the last half of the string, as computed by characters","def process(s):
    s =  s[2:-2]
    s =  s[: len(s) // 2]",5e01c41636cfc04544fd16d10678df0e,e quick brown fox j,23456789a,"rem ipsum dolor sit amet, consectetur adipiscing elit, sed do eiusmod tempor incididunt ut labore et dolore magna aliqua. Ut enim ad minim veniam, quis nostrud exercitation ullamco laboris nisi ut aliquip ex ea commodo c","#$%&'()*+,-./:",w quickly daft j
35,remove the first and last two characters of the string then replace spaces with triple spaces,"def process(s):
    s =  s[2:-2]
    s =  s.replace("" "", ""   "")",d7e765a40c38a34f3542879854dce1da,e   quick   brown   fox   jumps   over   a   lazy   do,23456789abcdefABCD,"rem   ipsum   dolor   sit   amet,   consectetur   adipiscing   elit,   sed   do   eiusmod   tempor   incididunt   ut   labore   et   dolore   magna   aliqua.   Ut   enim   ad   minim   veniam,   quis   nostrud   exercitation   ullamco   laboris   nisi   ut   aliquip   ex   ea   commodo   consequat.   Duis   aute   irure   dolor   in   reprehenderit   in   voluptate   velit   esse   cillum   dolore   eu   fugiat   nulla   pariatur.   Excepteur   sint   occaecat   cupidatat   non   proident,   sunt   in   culpa   qui   officia   deserunt   mollit   anim   id   est   laboru","#$%&'()*+,-./:;<=>?@[\]^_`{|",w   quickly   daft   jumping   zebras   ve
36,remove the first and last two characters of the string then reverse the order of words in the string,"def process(s):
    s =  s[2:-2]
    s =  "" "".join(s.split()[::-1])",333eb557a2706e91bf0b08f635f8ae6b,do lazy a over jumps fox brown quick e,23456789abcdefABCD,"laboru est id anim mollit deserunt officia qui culpa in sunt proident, non cupidatat occaecat sint Excepteur pariatur. nulla fugiat eu dolore cillum esse velit voluptate in reprehenderit in dolor irure aute Duis consequat. commodo ea ex aliquip ut nisi laboris ullamco exercitation nostrud quis veniam, minim ad enim Ut aliqua. magna dolore et labore ut incididunt tempor eiusmod do sed elit, adipiscing consectetur amet, sit dolor ipsum rem","#$%&'()*+,-./:;<=>?@[\]^_`{|",ve zebras jumping daft quickly w
37,"remove the first and last two characters of the string then drop the first half of the string, as computed by number of words","def process(s):
    s =  s[2:-2]
    s =  "" "".join(s.split()[len(s.split ()) // 2 :])),",26a7b876cf6f73cdd33d7076ccd4ec23,jumps over a lazy do,23456789abcdefABCD,"commodo consequat. Duis aute irure dolor in reprehenderit in voluptate velit esse cillum dolore eu fugiat nulla pariatur. Excepteur sint occaecat cupidatat non proident, sunt in culpa qui officia deserunt mollit anim id est laboru","#$%&'()*+,-./:;<=>?@[\]^_`{|",jumping zebras ve
38,remove the first and last two characters of the string then add the word apples after every word in the string,"def process(s):
    s =  s[2:-2]
    s =  "" "".join(word + "" apples"" for word in s.split())",af1f8ee2fbcf61e047973c1028a266da,e apples quick apples brown apples fox apples jumps apples over apples a apples lazy apples do apples,23456789abcdefABCD apples,"rem apples ipsum apples dolor apples sit apples amet, apples consectetur apples adipiscing apples elit, apples sed apples do apples eiusmod apples tempor apples incididunt apples ut apples labore apples et apples dolore apples magna apples aliqua. apples Ut apples enim apples ad apples minim apples veniam, apples quis apples nostrud apples exercitation apples ullamco apples laboris apples nisi apples ut apples aliquip apples ex apples ea apples commodo apples consequat. apples Duis apples aute apples irure apples dolor apples in apples reprehenderit apples in apples voluptate apples velit apples esse apples cillum apples dolore apples eu apples fugiat apples nulla apples pariatur. apples Excepteur apples sint apples occaecat apples cupidatat apples non apples proident, apples sunt apples in apples culpa apples qui apples officia apples deserunt apples mollit apples anim apples id apples est apples laboru apples","#$%&'()*+,-./:;<=>?@[\]^_`{| apples",w apples quickly apples daft apples jumping apples zebras apples ve apples
39,remove the first and last two characters of the string then make every other character in the string uppercase,"def process(s):
    s =  s[2:-2]
    s =  """".join(char.upper() if i % 2 == 0 else char for i, char in enumerate(s))",d99e64d2e33fd29b65de0ac283e789ac,E QuIcK BrOwN FoX JuMpS OvEr a lAzY Do,23456789AbCdEfABCD,"ReM IpSuM DoLoR SiT AmEt, CoNsEcTeTuR AdIpIsCiNg eLiT, sEd dO EiUsMoD TeMpOr iNcIdIdUnT Ut lAbOrE Et dOlOrE MaGnA AlIqUa. Ut eNiM Ad mInIm vEnIaM, qUiS NoStRuD ExErCiTaTiOn uLlAmCo lAbOrIs nIsI Ut aLiQuIp eX Ea cOmMoDo cOnSeQuAt. DuIs aUtE IrUrE DoLoR In rEpReHeNdErIt iN VoLuPtAtE VeLiT EsSe cIlLuM DoLoRe eU FuGiAt nUlLa pArIaTuR. EXcEpTeUr sInT OcCaEcAt cUpIdAtAt nOn pRoIdEnT, sUnT In cUlPa qUi oFfIcIa dEsErUnT MoLlIt aNiM Id eSt lAbOrU","#$%&'()*+,-./:;<=>?@[\]^_`{|",W QuIcKlY DaFt jUmPiNg zEbRaS Ve
40,"remove the first and last two characters of the string then delete all excamation points, question marks, and periods from the string","def process(s):
    s =  s[2:-2]
    s =  """".join([x for x in s if x not in "".!?""])",1a20af1a37dbb24ae8a0fe81f8ed99f1,e quick brown fox jumps over a lazy do,23456789abcdefABCD,"rem ipsum dolor sit amet, consectetur adipiscing elit, sed do eiusmod tempor incididunt ut labore et dolore magna aliqua Ut enim ad minim veniam, quis nostrud exercitation ullamco laboris nisi ut aliquip ex ea commodo consequat Duis aute irure dolor in reprehenderit in voluptate velit esse cillum dolore eu fugiat nulla pariatur Excepteur sint occaecat cupidatat non proident, sunt in culpa qui officia deserunt mollit anim id est laboru","#$%&'()*+,-/:;<=>@[\]^_`{|",w quickly daft jumping zebras ve
41,removes all vowels from the string then remove the first and last two characters of the string,"def process(s):
    s =  """".join(char for char in s if char not in ""aeiouAEIOU"")
    s =  s[2:-2]",a6243d89b8d77a649de145d5a2b87934, qck brwn fx jmps vr  lzy d,23456789bcdfBC,"m psm dlr st mt, cnscttr dpscng lt, sd d smd tmpr ncddnt t lbr t dlr mgn lq. t nm d mnm vnm, qs nstrd xrcttn llmc lbrs ns t lqp x  cmmd cnsqt. Ds t rr dlr n rprhndrt n vlptt vlt ss cllm dlr  fgt nll prtr. xcptr snt ccct cpdtt nn prdnt, snt n clp q ffc dsrnt mllt nm d st lbr","#$%&'()*+,-./:;<=>?@[\]^_`{|", qckly dft jmpng zbrs v
42,removes all vowels from the string then remove every third character from the string,"def process(s):
    s =  """".join(char for char in s if char not in ""aeiouAEIOU"")
    s =  """".join(char for i, char in enumerate(s) if i % 3 != 0)",0d25abe2ca59a166bf1514e8b508146d,h ckbrn x mp v  zydg,124578bcfBDF,"rmps dr t t,cnctr psnglt s dsm tprncdn tlb tdl mn q.t m  mm nm q ntr xctn lm lrsnst qpx cmd nst.Dst r lrn prndt  vpt vt s ll dr fg nl rt. cpr ntcct pdt n rdt,sn ncl qff drn mltnmd t br?","""#%&()+,./;<>?[\^_{|~",w cky ftjmngzbs x!
43,"removes all vowels from the string then drop the last half of the string, as computed by characters","def process(s):
    s =  """".join(char for char in s if char not in ""aeiouAEIOU"")
    s =  s[: len(s) // 2]",af9ed33dfc4a2833c7ebddb022185efb,Th qck brwn fx ,012345678,"Lrm psm dlr st mt, cnscttr dpscng lt, sd d smd tmpr ncddnt t lbr t dlr mgn lq. t nm d mnm vnm, qs nstrd xrcttn llmc lbrs ns t lqp x  cmmd c","!""#$%&'()*+,-./:",Hw qckly dft 
44,removes all vowels from the string then replace spaces with triple spaces,"def process(s):
    s =  """".join(char for char in s if char not in ""aeiouAEIOU"")
    s =  s.replace("" "", ""   "")",2cad4023255447d5d2586540745b22a9,Th   qck   brwn   fx   jmps   vr      lzy   dg!,0123456789bcdfBCDF,"Lrm   psm   dlr   st   mt,   cnscttr   dpscng   lt,   sd   d   smd   tmpr   ncddnt   t   lbr   t   dlr   mgn   lq.   t   nm   d   mnm   vnm,   qs   nstrd   xrcttn   llmc   lbrs   ns   t   lqp   x      cmmd   cnsqt.   Ds   t   rr   dlr   n   rprhndrt   n   vlptt   vlt   ss   cllm   dlr      fgt   nll   prtr.   xcptr   snt   ccct   cpdtt   nn   prdnt,   snt   n   clp   q   ffc   dsrnt   mllt   nm   d   st   lbrm?","!""#$%&'()*+,-./:;<=>?@[\]^_`{|}~",Hw   qckly   dft   jmpng   zbrs   vx!
45,removes all vowels from the string then reverse the order of words in the string,"def process(s):
    s =  """".join(char for char in s if char not in ""aeiouAEIOU"")
    s =  "" "".join(s.split()[::-1])",9beda47cf10c437544ecf7b1e42dca1e,dg! lzy vr jmps fx brwn qck Th,0123456789bcdfBCDF,"lbrm? st d nm mllt dsrnt ffc q clp n snt prdnt, nn cpdtt ccct snt xcptr prtr. nll fgt dlr cllm ss vlt vlptt n rprhndrt n dlr rr t Ds cnsqt. cmmd x lqp t ns lbrs llmc xrcttn nstrd qs vnm, mnm d nm t lq. mgn dlr t lbr t ncddnt tmpr smd d sd lt, dpscng cnscttr mt, st dlr psm Lrm","!""#$%&'()*+,-./:;<=>?@[\]^_`{|}~",vx! zbrs jmpng dft qckly Hw
46,"removes all vowels from the string then drop the first half of the string, as computed by number of words","def process(s):
    s =  """".join(char for char in s if char not in ""aeiouAEIOU"")
    s =  "" "".join(s.split()[len(s.split ()) // 2 :])),",00a288b379746d460928247ccbb9636f,jmps vr lzy dg!,0123456789bcdfBCDF,"cmmd cnsqt. Ds t rr dlr n rprhndrt n vlptt vlt ss cllm dlr fgt nll prtr. xcptr snt ccct cpdtt nn prdnt, snt n clp q ffc dsrnt mllt nm d st lbrm?","!""#$%&'()*+,-./:;<=>?@[\]^_`{|}~",jmpng zbrs vx!
47,removes all vowels from the string then add the word apples after every word in the string,"def process(s):
    s =  """".join(char for char in s if char not in ""aeiouAEIOU"")
    s =  "" "".join(word + "" apples"" for word in s.split())",a424850edd781a6bde29890d600bb0ca,Th apples qck apples brwn apples fx apples jmps apples vr apples lzy apples dg! apples,0123456789bcdfBCDF apples,"Lrm apples psm apples dlr apples st apples mt, apples cnscttr apples dpscng apples lt, apples sd apples d apples smd apples tmpr apples ncddnt apples t apples lbr apples t apples dlr apples mgn apples lq. apples t apples nm apples d apples mnm apples vnm, apples qs apples nstrd apples xrcttn apples llmc apples lbrs apples ns apples t apples lqp apples x apples cmmd apples cnsqt. apples Ds apples t apples rr apples dlr apples n apples rprhndrt apples n apples vlptt apples vlt apples ss apples cllm apples dlr apples fgt apples nll apples prtr. apples xcptr apples snt apples ccct apples cpdtt apples nn apples prdnt, apples snt apples n apples clp apples q apples ffc apples dsrnt apples mllt apples nm apples d apples st apples lbrm? apples","!""#$%&'()*+,-./:;<=>?@[\]^_`{|}~ apples",Hw apples qckly apples dft apples jmpng apples zbrs apples vx! apples
48,removes all vowels from the string then make every other character in the string uppercase,"def process(s):
    s =  """".join(char for char in s if char not in ""aeiouAEIOU"")
    s =  """".join(char.upper() if i % 2 == 0 else char for i, char in enumerate(s))",b5448e044b7fc586ae6dbc7507ce413e,Th qCk bRwN Fx jMpS Vr  LzY Dg!,0123456789BcDfBCDF,"LrM PsM DlR St mT, cNsCtTr dPsCnG Lt, Sd d sMd tMpR NcDdNt t lBr t dLr mGn lQ. t nM D MnM VnM, qS NsTrD XrCtTn lLmC LbRs nS T LqP X  cMmD CnSqT. DS T Rr dLr n rPrHnDrT N VlPtT VlT Ss cLlM DlR  fGt nLl pRtR. xCpTr sNt cCcT CpDtT Nn pRdNt, SnT N ClP Q FfC DsRnT MlLt nM D St lBrM?","!""#$%&'()*+,-./:;<=>?@[\]^_`{|}~",Hw qCkLy dFt jMpNg zBrS Vx!
49,"removes all vowels from the string then delete all excamation points, question marks, and periods from the string","def process(s):
    s =  """".join(char for char in s if char not in ""aeiouAEIOU"")
    s =  """".join([x for x in s if x not in "".!?""])",39de97d4c018c70bf456ed34aeed98d6,Th qck brwn fx jmps vr  lzy dg,0123456789bcdfBCDF,"Lrm psm dlr st mt, cnscttr dpscng lt, sd d smd tmpr ncddnt t lbr t dlr mgn lq t nm d mnm vnm, qs nstrd xrcttn llmc lbrs ns t lqp x  cmmd cnsqt Ds t rr dlr n rprhndrt n vlptt vlt ss cllm dlr  fgt nll prtr xcptr snt ccct cpdtt nn prdnt, snt n clp q ffc dsrnt mllt nm d st lbrm","""#$%&'()*+,-/:;<=>@[\]^_`{|}~",Hw qckly dft jmpng zbrs vx
50,remove every third character from the string then remove all instances of the letter e from the string,"def process(s):
    s =  """".join(char for i, char in enumerate(s) if i % 3 != 0)
    s =  s.replace(""e"", """")",6856d797572ea54c04f1ad7f98e366bd,hquckbrwnfo jmp ora az dg!,124578abdABDE,"orm psm olr itamt,costuradpicig li, ddoismd moriniddut t abrtdoor mgn aiqa.Utnm d inm nam qisnotrd xciatonulamo abri nsiutalqup x a omod cnsqut.Dus ut iur dlo i rprhditinvoupat vli scilu dlo u ugatnulapaiaur Ectr in ocaca cpiatt onpridnt sntincupaqu ofiiadrntmoli aimids lboum","""#%&()+,./;<>?[\^_{|~",owqucky af jmpngzra vx!
51,remove every third character from the string then remove the first and last two characters of the string,"def process(s):
    s =  """".join(char for i, char in enumerate(s) if i % 3 != 0)
    s =  s[2:-2]",fb6ec76771ce92af2e61a8ec11645230,quckbrwnfo jmp oera az d,4578abdeAB,"m psm olr itamt,coseteuradpicig li, eddoeismd emoriniddut t abreetdoor mgn aiqa.Utenm d inm enam qisnotrd xeciatonulamo abri nsiutalqup x a omod cnsqut.Dus ut iur dlo i rprhedeitinvoupat vli esecilu dloe u ugatnulapaiaur Eceter in ocaca cpiatt onpridnt sntincupaqu ofiiadeerntmoli aimides lbo","%&()+,./;<>?[\^_{",qucky af jmpngzera v
52,remove every third character from the string then removes all vowels from the string,"def process(s):
    s =  """".join(char for i, char in enumerate(s) if i % 3 != 0)
    s =  """".join(char for char in s if char not in ""aeiouAEIOU"")",f063004b908b50ab676a6557e2601eb8,hqckbrwnf jmp r z dg!,124578bdBD,"rm psm lr tmt,cstrdpcg l, ddsmd mrnddt t brtdr mgn q.tnm d nm nm qsntrd xctnlm br nstlqp x  md cnsqt.Ds t r dl  rprhdtnvpt vl scl dl  gtnlpr ctr n cc cptt nprdnt sntncpq fdrntml mds lbm","""#%&()+,./;<>?[\^_{|~",wqcky f jmpngzr vx!
53,"remove every third character from the string then drop the last half of the string, as computed by characters","def process(s):
    s =  """".join(char for i, char in enumerate(s) if i % 3 != 0)
    s =  s[: len(s) // 2]",b97ed36f6d499aa9d0b6853a3ab57ec0,hequckbrwnfo j,124578a,"orm psm olr itamt,coseteuradpicig li, eddoeismd emoriniddut t abreetdoor mgn aiqa.Utenm d inm enam qisnotrd xeciatonulamo abri nsiutalqup x a omod c","""#%&()+,./",owqucky af j
54,remove every third character from the string then replace spaces with triple spaces,"def process(s):
    s =  """".join(char for i, char in enumerate(s) if i % 3 != 0)
    s =  s.replace("" "", ""   "")",33a676407083d60656f5f4c110dd5d03,hequckbrwnfo   jmp   oera   az   dg!,124578abdeABDE,"orm   psm   olr   itamt,coseteuradpicig   li,   eddoeismd   emoriniddut   t   abreetdoor   mgn   aiqa.Utenm   d   inm   enam   qisnotrd   xeciatonulamo   abri   nsiutalqup   x   a   omod   cnsqut.Dus   ut   iur   dlo   i   rprhedeitinvoupat   vli   esecilu   dloe   u   ugatnulapaiaur   Eceter   in   ocaca   cpiatt   onpridnt   sntincupaqu   ofiiadeerntmoli   aimides   lboum","""#%&()+,./;<>?[\^_{|~",owqucky   af   jmpngzera   vx!
55,remove every third character from the string then reverse the order of words in the string,"def process(s):
    s =  """".join(char for i, char in enumerate(s) if i % 3 != 0)
    s =  "" "".join(s.split()[::-1])",bd3083c5704da3fdbfe9a420be7b0552,dg! az oera jmp hequckbrwnfo,124578abdeABDE,"lboum aimides ofiiadeerntmoli sntincupaqu onpridnt cpiatt ocaca in Eceter ugatnulapaiaur u dloe esecilu vli rprhedeitinvoupat i dlo iur ut cnsqut.Dus omod a x nsiutalqup abri xeciatonulamo qisnotrd enam inm d aiqa.Utenm mgn abreetdoor t emoriniddut eddoeismd li, itamt,coseteuradpicig olr psm orm","""#%&()+,./;<>?[\^_{|~",vx! jmpngzera af owqucky
56,"remove every third character from the string then drop the first half of the string, as computed by number of words","def process(s):
    s =  """".join(char for i, char in enumerate(s) if i % 3 != 0)
    s =  "" "".join(s.split()[len(s.split ()) // 2 :])),",7b116b314e9bbb12242624511c8691bf,oera az dg!,124578abdeABDE,omod cnsqut.Dus ut iur dlo i rprhedeitinvoupat vli esecilu dloe u ugatnulapaiaur Eceter in ocaca cpiatt onpridnt sntincupaqu ofiiadeerntmoli aimides lboum,"""#%&()+,./;<>?[\^_{|~",jmpngzera vx!
57,remove every third character from the string then add the word apples after every word in the string,"def process(s):
    s =  """".join(char for i, char in enumerate(s) if i % 3 != 0)
    s =  "" "".join(word + "" apples"" for word in s.split())",bea487f465492e7ce9d7326e44f26e68,hequckbrwnfo apples jmp apples oera apples az apples dg! apples,124578abdeABDE apples,"orm apples psm apples olr apples itamt,coseteuradpicig apples li, apples eddoeismd apples emoriniddut apples t apples abreetdoor apples mgn apples aiqa.Utenm apples d apples inm apples enam apples qisnotrd apples xeciatonulamo apples abri apples nsiutalqup apples x apples a apples omod apples cnsqut.Dus apples ut apples iur apples dlo apples i apples rprhedeitinvoupat apples vli apples esecilu apples dloe apples u apples ugatnulapaiaur apples Eceter apples in apples ocaca apples cpiatt apples onpridnt apples sntincupaqu apples ofiiadeerntmoli apples aimides apples lboum apples","""#%&()+,./;<>?[\^_{|~ apples",owqucky apples af apples jmpngzera apples vx! apples
58,remove every third character from the string then make every other character in the string uppercase,"def process(s):
    s =  """".join(char for i, char in enumerate(s) if i % 3 != 0)
    s =  """".join(char.upper() if i % 2 == 0 else char for i, char in enumerate(s))",273dd59e813904b4f747f69424bc78f6,HeQuCkBrWnFo jMp oErA Az dG!,124578AbDeABDE,"OrM PsM OlR ItAmT,CoSeTeUrAdPiCiG Li, EdDoEiSmD EmOrInIdDuT T AbReEtDoOr mGn aIqA.UtEnM D InM EnAm qIsNoTrD XeCiAtOnUlAmO AbRi nSiUtAlQuP X A OmOd cNsQuT.DuS Ut iUr dLo i rPrHeDeItInVoUpAt vLi eSeCiLu dLoE U UgAtNuLaPaIaUr ECeTeR In oCaCa cPiAtT OnPrIdNt sNtInCuPaQu oFiIaDeErNtMoLi aImIdEs lBoUm","""#%&()+,./;<>?[\^_{|~",OwQuCkY Af jMpNgZeRa vX!
59,"remove every third character from the string then delete all excamation points, question marks, and periods from the string","def process(s):
    s =  """".join(char for i, char in enumerate(s) if i % 3 != 0)
    s =  """".join([x for x in s if x not in "".!?""])",3544cb7ab8fe74c49eefc8bc413baea3,hequckbrwnfo jmp oera az dg,124578abdeABDE,"orm psm olr itamt,coseteuradpicig li, eddoeismd emoriniddut t abreetdoor mgn aiqaUtenm d inm enam qisnotrd xeciatonulamo abri nsiutalqup x a omod cnsqutDus ut iur dlo i rprhedeitinvoupat vli esecilu dloe u ugatnulapaiaur Eceter in ocaca cpiatt onpridnt sntincupaqu ofiiadeerntmoli aimides lboum","""#%&()+,/;<>[\^_{|~",owqucky af jmpngzera vx
60,"drop the last half of the string, as computed by characters then remove all instances of the letter e from the string","def process(s):
    s =  s[: len(s) // 2]
    s =  s.replace(""e"", """")",a21d1df998e9f12cc2e52ae6e7272645,Th quick brown fox j,0123456789a,"Lorm ipsum dolor sit amt, conscttur adipiscing lit, sd do iusmod tmpor incididunt ut labor t dolor magna aliqua. Ut nim ad minim vniam, quis nostrud xrcitation ullamco laboris nisi ut aliquip x a commodo c","!""#$%&'()*+,-./:",How quickly daft j
61,"drop the last half of the string, as computed by characters then remove the first and last two characters of the string","def process(s):
    s =  s[: len(s) // 2]
    s =  s[2:-2]",5b4e58eea7ceca9310db8d77d4bd8280,e quick brown fox,2345678,"rem ipsum dolor sit amet, consectetur adipiscing elit, sed do eiusmod tempor incididunt ut labore et dolore magna aliqua. Ut enim ad minim veniam, quis nostrud exercitation ullamco laboris nisi ut aliquip ex ea commodo","#$%&'()*+,-.",w quickly daft
62,"drop the last half of the string, as computed by characters then removes all vowels from the string","def process(s):
    s =  s[: len(s) // 2]
    s =  """".join(char for char in s if char not in ""aeiouAEIOU"")",19d01220d4d609dfca3c2d06334cbfb0,Th qck brwn fx j,0123456789,"Lrm psm dlr st mt, cnscttr dpscng lt, sd d smd tmpr ncddnt t lbr t dlr mgn lq. t nm d mnm vnm, qs nstrd xrcttn llmc lbrs ns t lqp x  cmmd c","!""#$%&'()*+,-./:",Hw qckly dft j
63,"drop the last half of the string, as computed by characters then replace spaces with triple spaces","def process(s):
    s =  s[: len(s) // 2]
    s =  s.replace("" "", ""   "")",b15708416048693d049a329141c4ecc5,The   quick   brown   fox   j,0123456789a,"Lorem   ipsum   dolor   sit   amet,   consectetur   adipiscing   elit,   sed   do   eiusmod   tempor   incididunt   ut   labore   et   dolore   magna   aliqua.   Ut   enim   ad   minim   veniam,   quis   nostrud   exercitation   ullamco   laboris   nisi   ut   aliquip   ex   ea   commodo   c","!""#$%&'()*+,-./:",How   quickly   daft   j
64,"drop the last half of the string, as computed by characters then reverse the order of words in the string","def process(s):
    s =  s[: len(s) // 2]
    s =  "" "".join(s.split()[::-1])",0108b3df94d4e9d482ba714cea373d48,j fox brown quick The,0123456789a,"c commodo ea ex aliquip ut nisi laboris ullamco exercitation nostrud quis veniam, minim ad enim Ut aliqua. magna dolore et labore ut incididunt tempor eiusmod do sed elit, adipiscing consectetur amet, sit dolor ipsum Lorem","!""#$%&'()*+,-./:",j daft quickly How
65,"drop the last half of the string, as computed by characters then drop the first half of the string, as computed by number of words","def process(s):
    s =  s[: len(s) // 2]
    s =  "" "".join(s.split()[len(s.split ()) // 2 :])),",d535ad99af7bc2a582c004526a5cf052,brown fox j,0123456789a,"aliqua. Ut enim ad minim veniam, quis nostrud exercitation ullamco laboris nisi ut aliquip ex ea commodo c","!""#$%&'()*+,-./:",daft j
66,"drop the last half of the string, as computed by characters then add the word apples after every word in the string","def process(s):
    s =  s[: len(s) // 2]
    s =  "" "".join(word + "" apples"" for word in s.split())",d9e71a8f2386735656b302982a5e957f,The apples quick apples brown apples fox apples j apples,0123456789a apples,"Lorem apples ipsum apples dolor apples sit apples amet, apples consectetur apples adipiscing apples elit, apples sed apples do apples eiusmod apples tempor apples incididunt apples ut apples labore apples et apples dolore apples magna apples aliqua. apples Ut apples enim apples ad apples minim apples veniam, apples quis apples nostrud apples exercitation apples ullamco apples laboris apples nisi apples ut apples aliquip apples ex apples ea apples commodo apples c apples","!""#$%&'()*+,-./: apples",How apples quickly apples daft apples j apples
67,"drop the last half of the string, as computed by characters then make every other character in the string uppercase","def process(s):
    s =  s[: len(s) // 2]
    s =  """".join(char.upper() if i % 2 == 0 else char for i, char in enumerate(s))",319bfe4f1a4b2573f8503acfac7b052d,ThE QuIcK BrOwN FoX J,0123456789A,"LoReM IpSuM DoLoR SiT AmEt, CoNsEcTeTuR AdIpIsCiNg eLiT, sEd dO EiUsMoD TeMpOr iNcIdIdUnT Ut lAbOrE Et dOlOrE MaGnA AlIqUa. Ut eNiM Ad mInIm vEnIaM, qUiS NoStRuD ExErCiTaTiOn uLlAmCo lAbOrIs nIsI Ut aLiQuIp eX Ea cOmMoDo c","!""#$%&'()*+,-./:",HoW QuIcKlY DaFt j
68,"drop the last half of the string, as computed by characters then delete all excamation points, question marks, and periods from the string","def process(s):
    s =  s[: len(s) // 2]
    s =  """".join([x for x in s if x not in "".!?""])",41ad0e586f60ae1aa62a08eed8106010,The quick brown fox j,0123456789a,"Lorem ipsum dolor sit amet, consectetur adipiscing elit, sed do eiusmod tempor incididunt ut labore et dolore magna aliqua Ut enim ad minim veniam, quis nostrud exercitation ullamco laboris nisi ut aliquip ex ea commodo c","""#$%&'()*+,-/:",How quickly daft j
69,replace spaces with triple spaces then replace all spaces with exclamation points in the string,"def process(s):
    s =  s.replace("" "", ""   "")
    s =  s.replace("" "", ""!"")",c78f9483ffd623ec7055f9754f59f7a8,The!!!quick!!!brown!!!fox!!!jumps!!!over!!!a!!!lazy!!!dog!,0123456789abcdefABCDEF,"Lorem!!!ipsum!!!dolor!!!sit!!!amet,!!!consectetur!!!adipiscing!!!elit,!!!sed!!!do!!!eiusmod!!!tempor!!!incididunt!!!ut!!!labore!!!et!!!dolore!!!magna!!!aliqua.!!!Ut!!!enim!!!ad!!!minim!!!veniam,!!!quis!!!nostrud!!!exercitation!!!ullamco!!!laboris!!!nisi!!!ut!!!aliquip!!!ex!!!ea!!!commodo!!!consequat.!!!Duis!!!aute!!!irure!!!dolor!!!in!!!reprehenderit!!!in!!!voluptate!!!velit!!!esse!!!cillum!!!dolore!!!eu!!!fugiat!!!nulla!!!pariatur.!!!Excepteur!!!sint!!!occaecat!!!cupidatat!!!non!!!proident,!!!sunt!!!in!!!culpa!!!qui!!!officia!!!deserunt!!!mollit!!!anim!!!id!!!est!!!laborum?","!""#$%&'()*+,-./:;<=>?@[\]^_`{|}~",How!!!quickly!!!daft!!!jumping!!!zebras!!!vex!
70,replace spaces with triple spaces then remove the first and last two characters of the string,"def process(s):
    s =  s.replace("" "", ""   "")
    s =  s[2:-2]",b45840a4efc36e9cadff19015077c10f,e   quick   brown   fox   jumps   over   a   lazy   do,23456789abcdefABCD,"rem   ipsum   dolor   sit   amet,   consectetur   adipiscing   elit,   sed   do   eiusmod   tempor   incididunt   ut   labore   et   dolore   magna   aliqua.   Ut   enim   ad   minim   veniam,   quis   nostrud   exercitation   ullamco   laboris   nisi   ut   aliquip   ex   ea   commodo   consequat.   Duis   aute   irure   dolor   in   reprehenderit   in   voluptate   velit   esse   cillum   dolore   eu   fugiat   nulla   pariatur.   Excepteur   sint   occaecat   cupidatat   non   proident,   sunt   in   culpa   qui   officia   deserunt   mollit   anim   id   est   laboru","#$%&'()*+,-./:;<=>?@[\]^_`{|",w   quickly   daft   jumping   zebras   ve
71,replace spaces with triple spaces then remove every third character from the string,"def process(s):
    s =  s.replace("" "", ""   "")
    s =  """".join(char for i, char in enumerate(s) if i % 3 != 0)",1c2d8526a55560b714fabb551e0ed1c7,he  uik  bow  fo  jups  ve  a  lzy  og,124578abdeABDE,"orm  isu  door  it  me,  cnscttu  adpicig  eit  se  do  iumo  tepo  iniddut  u  laor  et  olre  aga  aiqa.  t  eim  d  mni  veia,  qis  osru  exrctaio  ulamo  lbois  is  ut  liui  ex  a  cmmdo  oneqat  Dus  ate  rue  dlo  in  epehndri  in  olptte  elt  ese  ilum  olre  u  fgit  nll  paiaur  Exepeu  sit  ocaca  cuidta  no  pridnt  sut  i  cupa  ui  ffci  deernt  olit  ni  id  st  abru?","""#%&()+,./;<>?[\^_{|~",ow  uikl  dat  jmpng  ebas  ex
72,"replace spaces with triple spaces then drop the last half of the string, as computed by characters","def process(s):
    s =  s.replace("" "", ""   "")
    s =  s[: len(s) // 2]",bcf80aa0d8c196d3275495baf6e93aea,The   quick   brown   fox   j,0123456789a,"Lorem   ipsum   dolor   sit   amet,   consectetur   adipiscing   elit,   sed   do   eiusmod   tempor   incididunt   ut   labore   et   dolore   magna   aliqua.   Ut   enim   ad   minim   veniam,   quis   nostrud   exercitation   ullamco   laboris   nisi   ut   aliquip   ex   ea   commodo  ","!""#$%&'()*+,-./:",How   quickly   daft   
73,replace spaces with triple spaces then make every other character in the string uppercase,"def process(s):
    s =  s.replace("" "", ""   "")
    s =  """".join(char.upper() if i % 2 == 0 else char for i, char in enumerate(s))",4ca4fcde905a0a504cf5a94a21086bf0,ThE   QuIcK   BrOwN   FoX   JuMpS   OvEr   a   lAzY   DoG!,0123456789AbCdEfABCDEF,"LoReM   IpSuM   DoLoR   SiT   AmEt,   CoNsEcTeTuR   AdIpIsCiNg   eLiT,   sEd   dO   EiUsMoD   TeMpOr   iNcIdIdUnT   Ut   lAbOrE   Et   dOlOrE   MaGnA   AlIqUa.   Ut   eNiM   Ad   mInIm   vEnIaM,   qUiS   NoStRuD   ExErCiTaTiOn   uLlAmCo   lAbOrIs   nIsI   Ut   aLiQuIp   eX   Ea   cOmMoDo   cOnSeQuAt.   DuIs   aUtE   IrUrE   DoLoR   In   rEpReHeNdErIt   iN   VoLuPtAtE   VeLiT   EsSe   cIlLuM   DoLoRe   eU   FuGiAt   nUlLa   pArIaTuR.   EXcEpTeUr   sInT   OcCaEcAt   cUpIdAtAt   nOn   pRoIdEnT,   sUnT   In   cUlPa   qUi   oFfIcIa   dEsErUnT   MoLlIt   aNiM   Id   eSt   lAbOrUm?","!""#$%&'()*+,-./:;<=>?@[\]^_`{|}~",HoW   QuIcKlY   DaFt   jUmPiNg   zEbRaS   VeX!
74,"replace spaces with triple spaces then delete all excamation points, question marks, and periods from the string","def process(s):
    s =  s.replace("" "", ""   "")
    s =  """".join([x for x in s if x not in "".!?""])",fc0247cafefef8d8f3c9d52148dddfaa,The   quick   brown   fox   jumps   over   a   lazy   dog,0123456789abcdefABCDEF,"Lorem   ipsum   dolor   sit   amet,   consectetur   adipiscing   elit,   sed   do   eiusmod   tempor   incididunt   ut   labore   et   dolore   magna   aliqua   Ut   enim   ad   minim   veniam,   quis   nostrud   exercitation   ullamco   laboris   nisi   ut   aliquip   ex   ea   commodo   consequat   Duis   aute   irure   dolor   in   reprehenderit   in   voluptate   velit   esse   cillum   dolore   eu   fugiat   nulla   pariatur   Excepteur   sint   occaecat   cupidatat   non   proident,   sunt   in   culpa   qui   officia   deserunt   mollit   anim   id   est   laborum","""#$%&'()*+,-/:;<=>@[\]^_`{|}~",How   quickly   daft   jumping   zebras   vex
75,reverse the order of words in the string then replace all spaces with exclamation points in the string,"def process(s):
    s =  "" "".join(s.split()[::-1])
    s =  s.replace("" "", ""!"")",b7e41653a6ad8cca72d18dbd93cd64f1,dog!!lazy!a!over!jumps!fox!brown!quick!The,0123456789abcdefABCDEF,"laborum?!est!id!anim!mollit!deserunt!officia!qui!culpa!in!sunt!proident,!non!cupidatat!occaecat!sint!Excepteur!pariatur.!nulla!fugiat!eu!dolore!cillum!esse!velit!voluptate!in!reprehenderit!in!dolor!irure!aute!Duis!consequat.!commodo!ea!ex!aliquip!ut!nisi!laboris!ullamco!exercitation!nostrud!quis!veniam,!minim!ad!enim!Ut!aliqua.!magna!dolore!et!labore!ut!incididunt!tempor!eiusmod!do!sed!elit,!adipiscing!consectetur!amet,!sit!dolor!ipsum!Lorem","!""#$%&'()*+,-./:;<=>?@[\]^_`{|}~",vex!!zebras!jumping!daft!quickly!How
76,reverse the order of words in the string then remove the first and last two characters of the string,"def process(s):
    s =  "" "".join(s.split()[::-1])
    s =  s[2:-2]",74e1e7b34081dc933d0fc1749e471e86,g! lazy a over jumps fox brown quick T,23456789abcdefABCD,"borum? est id anim mollit deserunt officia qui culpa in sunt proident, non cupidatat occaecat sint Excepteur pariatur. nulla fugiat eu dolore cillum esse velit voluptate in reprehenderit in dolor irure aute Duis consequat. commodo ea ex aliquip ut nisi laboris ullamco exercitation nostrud quis veniam, minim ad enim Ut aliqua. magna dolore et labore ut incididunt tempor eiusmod do sed elit, adipiscing consectetur amet, sit dolor ipsum Lor","#$%&'()*+,-./:;<=>?@[\]^_`{|",x! zebras jumping daft quickly H
77,reverse the order of words in the string then removes all vowels from the string,"def process(s):
    s =  "" "".join(s.split()[::-1])
    s =  """".join(char for char in s if char not in ""aeiouAEIOU"")",2cab8e3f1e11ebdc31e642175dc693e1,dg! lzy  vr jmps fx brwn qck Th,0123456789bcdfBCDF,"lbrm? st d nm mllt dsrnt ffc q clp n snt prdnt, nn cpdtt ccct snt xcptr prtr. nll fgt  dlr cllm ss vlt vlptt n rprhndrt n dlr rr t Ds cnsqt. cmmd  x lqp t ns lbrs llmc xrcttn nstrd qs vnm, mnm d nm t lq. mgn dlr t lbr t ncddnt tmpr smd d sd lt, dpscng cnscttr mt, st dlr psm Lrm","!""#$%&'()*+,-./:;<=>?@[\]^_`{|}~",vx! zbrs jmpng dft qckly Hw
78,reverse the order of words in the string then remove every third character from the string,"def process(s):
    s =  "" "".join(s.split()[::-1])
    s =  """".join(char for i, char in enumerate(s) if i % 3 != 0)",80fc1a85518eae112a29d0e9905c0c96,og lzya ve jmp fx ron uik he,124578abdeABDE,"abru? stidanm olitdeerntofica uicupainsut rodet,no cpiatt ccect in Eceter aratr.nulafuia e dloe ilumese elt olptteinrereenert n olr rue ut Discoseua. omod e e aiqiputnii abri ulacoexrctaio nstudqus enam mni a eimUtalqu. aga olreetlaor u iciidnttepo eusoddose eit aipscngcoseteuramt,si dlo isu Lre","""#%&()+,./;<>?[\^_{|~",ex zbrs umin dftqucky ow
79,"reverse the order of words in the string then drop the last half of the string, as computed by characters","def process(s):
    s =  "" "".join(s.split()[::-1])
    s =  s[: len(s) // 2]",9d281ec6cd1c718d3f9fc1cbe1435212,dog! lazy a over jump,0123456789a,"laborum? est id anim mollit deserunt officia qui culpa in sunt proident, non cupidatat occaecat sint Excepteur pariatur. nulla fugiat eu dolore cillum esse velit voluptate in reprehenderit in dolor irure aute Duis consequa","!""#$%&'()*+,-./:",vex! zebras jumpin
80,reverse the order of words in the string then replace spaces with triple spaces,"def process(s):
    s =  "" "".join(s.split()[::-1])
    s =  s.replace("" "", ""   "")",d009aad3ce1c7f3345c4b12f974c4f46,dog!   lazy   a   over   jumps   fox   brown   quick   The,0123456789abcdefABCDEF,"laborum?   est   id   anim   mollit   deserunt   officia   qui   culpa   in   sunt   proident,   non   cupidatat   occaecat   sint   Excepteur   pariatur.   nulla   fugiat   eu   dolore   cillum   esse   velit   voluptate   in   reprehenderit   in   dolor   irure   aute   Duis   consequat.   commodo   ea   ex   aliquip   ut   nisi   laboris   ullamco   exercitation   nostrud   quis   veniam,   minim   ad   enim   Ut   aliqua.   magna   dolore   et   labore   ut   incididunt   tempor   eiusmod   do   sed   elit,   adipiscing   consectetur   amet,   sit   dolor   ipsum   Lorem","!""#$%&'()*+,-./:;<=>?@[\]^_`{|}~",vex!   zebras   jumping   daft   quickly   How
81,"reverse the order of words in the string then drop the first half of the string, as computed by number of words","def process(s):
    s =  "" "".join(s.split()[::-1])
    s =  "" "".join(s.split()[len(s.split ()) // 2 :])),",fa3bc982052ae3750607b87fa0dd7a4d,jumps fox brown quick The,0123456789abcdefABCDEF,"commodo ea ex aliquip ut nisi laboris ullamco exercitation nostrud quis veniam, minim ad enim Ut aliqua. magna dolore et labore ut incididunt tempor eiusmod do sed elit, adipiscing consectetur amet, sit dolor ipsum Lorem","!""#$%&'()*+,-./:;<=>?@[\]^_`{|}~",daft quickly How
82,reverse the order of words in the string then add the word apples after every word in the string,"def process(s):
    s =  "" "".join(s.split()[::-1])
    s =  "" "".join(word + "" apples"" for word in s.split())",d2ff74f8c5440a3bae2e432c1aa6347d,dog! apples lazy apples a apples over apples jumps apples fox apples brown apples quick apples The apples,0123456789abcdefABCDEF apples,"laborum? apples est apples id apples anim apples mollit apples deserunt apples officia apples qui apples culpa apples in apples sunt apples proident, apples non apples cupidatat apples occaecat apples sint apples Excepteur apples pariatur. apples nulla apples fugiat apples eu apples dolore apples cillum apples esse apples velit apples voluptate apples in apples reprehenderit apples in apples dolor apples irure apples aute apples Duis apples consequat. apples commodo apples ea apples ex apples aliquip apples ut apples nisi apples laboris apples ullamco apples exercitation apples nostrud apples quis apples veniam, apples minim apples ad apples enim apples Ut apples aliqua. apples magna apples dolore apples et apples labore apples ut apples incididunt apples tempor apples eiusmod apples do apples sed apples elit, apples adipiscing apples consectetur apples amet, apples sit apples dolor apples ipsum apples Lorem apples","!""#$%&'()*+,-./:;<=>?@[\]^_`{|}~ apples",vex! apples zebras apples jumping apples daft apples quickly apples How apples
83,reverse the order of words in the string then make every other character in the string uppercase,"def process(s):
    s =  "" "".join(s.split()[::-1])
    s =  """".join(char.upper() if i % 2 == 0 else char for i, char in enumerate(s))",e2e29845d86068a0f33132c024aac739,DoG! lAzY A OvEr jUmPs fOx bRoWn qUiCk THe,0123456789AbCdEfABCDEF,"LaBoRuM? eSt iD AnIm mOlLiT DeSeRuNt oFfIcIa qUi cUlPa iN SuNt pRoIdEnT, nOn cUpIdAtAt oCcAeCaT SiNt EXcEpTeUr pArIaTuR. nUlLa fUgIaT Eu dOlOrE CiLlUm eSsE VeLiT VoLuPtAtE In rEpReHeNdErIt iN DoLoR IrUrE AuTe DUiS CoNsEqUaT. cOmMoDo eA Ex aLiQuIp uT NiSi lAbOrIs uLlAmCo eXeRcItAtIoN NoStRuD QuIs vEnIaM, mInIm aD EnIm UT AlIqUa. MaGnA DoLoRe eT LaBoRe uT InCiDiDuNt tEmPoR EiUsMoD Do sEd eLiT, aDiPiScInG CoNsEcTeTuR AmEt, SiT DoLoR IpSuM LoReM","!""#$%&'()*+,-./:;<=>?@[\]^_`{|}~",VeX! zEbRaS JuMpInG DaFt qUiCkLy HOw
84,"reverse the order of words in the string then delete all excamation points, question marks, and periods from the string","def process(s):
    s =  "" "".join(s.split()[::-1])
    s =  """".join([x for x in s if x not in "".!?""])",23f153e3a87cb3b460ce7981cfdf2f80,dog lazy a over jumps fox brown quick The,0123456789abcdefABCDEF,"laborum est id anim mollit deserunt officia qui culpa in sunt proident, non cupidatat occaecat sint Excepteur pariatur nulla fugiat eu dolore cillum esse velit voluptate in reprehenderit in dolor irure aute Duis consequat commodo ea ex aliquip ut nisi laboris ullamco exercitation nostrud quis veniam, minim ad enim Ut aliqua magna dolore et labore ut incididunt tempor eiusmod do sed elit, adipiscing consectetur amet, sit dolor ipsum Lorem","""#$%&'()*+,-/:;<=>@[\]^_`{|}~",vex zebras jumping daft quickly How
85,"drop the first half of the string, as computed by number of words then replace all spaces with exclamation points in the string","def process(s):
    s =  "" "".join(s.split()[len(s.split ()) // 2 :])),
    s =  s.replace("" "", ""!"")",cf0cecc6be1f09d39205a79ab1cbf516,jumps!over!a!lazy!dog!,0123456789abcdefABCDEF,"commodo!consequat.!Duis!aute!irure!dolor!in!reprehenderit!in!voluptate!velit!esse!cillum!dolore!eu!fugiat!nulla!pariatur.!Excepteur!sint!occaecat!cupidatat!non!proident,!sunt!in!culpa!qui!officia!deserunt!mollit!anim!id!est!laborum?","!""#$%&'()*+,-./:;<=>?@[\]^_`{|}~",jumping!zebras!vex!
86,"drop the first half of the string, as computed by number of words then remove the first and last two characters of the string","def process(s):
    s =  "" "".join(s.split()[len(s.split ()) // 2 :])),
    s =  s[2:-2]",12b11ca08c08e66fe41567d82fa93131,mps over a lazy do,23456789abcdefABCD,"mmodo consequat. Duis aute irure dolor in reprehenderit in voluptate velit esse cillum dolore eu fugiat nulla pariatur. Excepteur sint occaecat cupidatat non proident, sunt in culpa qui officia deserunt mollit anim id est laboru","#$%&'()*+,-./:;<=>?@[\]^_`{|",mping zebras ve
87,"drop the first half of the string, as computed by number of words then removes all vowels from the string","def process(s):
    s =  "" "".join(s.split()[len(s.split ()) // 2 :])),
    s =  """".join(char for char in s if char not in ""aeiouAEIOU"")",d1509abaf0f62dc9e4acc8d4636e4fb1,jmps vr  lzy dg!,0123456789bcdfBCDF,"cmmd cnsqt. Ds t rr dlr n rprhndrt n vlptt vlt ss cllm dlr  fgt nll prtr. xcptr snt ccct cpdtt nn prdnt, snt n clp q ffc dsrnt mllt nm d st lbrm?","!""#$%&'()*+,-./:;<=>?@[\]^_`{|}~",jmpng zbrs vx!
88,"drop the first half of the string, as computed by number of words then remove every third character from the string","def process(s):
    s =  "" "".join(s.split()[len(s.split ()) // 2 :])),
    s =  """".join(char for i, char in enumerate(s) if i % 3 != 0)",1dc1ebeaadf35bf79ff21e10544ee5da,ums ve alay og,124578abdeABDE,omod cnsqut.Dus ut iur dlo i rprhedeitinvoupat vli esecilu dloe u ugatnulapaiaur Eceter in ocaca cpiatt onpridnt sntincupaqu ofiiadeerntmoli aimides lboum,"""#%&()+,./;<>?[\^_{|~",umin zbrs ex
89,"drop the first half of the string, as computed by number of words then drop the last half of the string, as computed by characters","def process(s):
    s =  "" "".join(s.split()[len(s.split ()) // 2 :])),
    s =  s[: len(s) // 2]",5c719eff23245cc4efa1a450cbd697d6,jumps over ,0123456789a,commodo consequat. Duis aute irure dolor in reprehenderit in voluptate velit esse cillum dolore eu fugiat nulla pari,"!""#$%&'()*+,-./:",jumping z
90,"drop the first half of the string, as computed by number of words then replace spaces with triple spaces","def process(s):
    s =  "" "".join(s.split()[len(s.split ()) // 2 :])),
    s =  s.replace("" "", ""   "")",70da6bc723ccc951ba7d490634ba26fc,jumps   over   a   lazy   dog!,0123456789abcdefABCDEF,"commodo   consequat.   Duis   aute   irure   dolor   in   reprehenderit   in   voluptate   velit   esse   cillum   dolore   eu   fugiat   nulla   pariatur.   Excepteur   sint   occaecat   cupidatat   non   proident,   sunt   in   culpa   qui   officia   deserunt   mollit   anim   id   est   laborum?","!""#$%&'()*+,-./:;<=>?@[\]^_`{|}~",jumping   zebras   vex!
91,"drop the first half of the string, as computed by number of words then reverse the order of words in the string","def process(s):
    s =  "" "".join(s.split()[len(s.split ()) // 2 :])),
    s =  "" "".join(s.split()[::-1])",3cad08567b2c340a575597a24a418f49,dog! lazy a over jumps,0123456789abcdefABCDEF,"laborum? est id anim mollit deserunt officia qui culpa in sunt proident, non cupidatat occaecat sint Excepteur pariatur. nulla fugiat eu dolore cillum esse velit voluptate in reprehenderit in dolor irure aute Duis consequat. commodo","!""#$%&'()*+,-./:;<=>?@[\]^_`{|}~",vex! zebras jumping
92,"drop the first half of the string, as computed by number of words then add the word apples after every word in the string","def process(s):
    s =  "" "".join(s.split()[len(s.split ()) // 2 :])),
    s =  "" "".join(word + "" apples"" for word in s.split())",347600febe508781d5c04e2e8bba749c,jumps apples over apples a apples lazy apples dog! apples,0123456789abcdefABCDEF apples,"commodo apples consequat. apples Duis apples aute apples irure apples dolor apples in apples reprehenderit apples in apples voluptate apples velit apples esse apples cillum apples dolore apples eu apples fugiat apples nulla apples pariatur. apples Excepteur apples sint apples occaecat apples cupidatat apples non apples proident, apples sunt apples in apples culpa apples qui apples officia apples deserunt apples mollit apples anim apples id apples est apples laborum? apples","!""#$%&'()*+,-./:;<=>?@[\]^_`{|}~ apples",jumping apples zebras apples vex! apples
93,"drop the first half of the string, as computed by number of words then make every other character in the string uppercase","def process(s):
    s =  "" "".join(s.split()[len(s.split ()) // 2 :])),
    s =  """".join(char.upper() if i % 2 == 0 else char for i, char in enumerate(s))",28fad220d73c25c1eec6ad70cfd7926c,JuMpS OvEr a lAzY DoG!,0123456789AbCdEfABCDEF,"CoMmOdO CoNsEqUaT. DUiS AuTe iRuRe dOlOr iN RePrEhEnDeRiT In vOlUpTaTe vElIt eSsE CiLlUm dOlOrE Eu fUgIaT NuLlA PaRiAtUr. ExCePtEuR SiNt oCcAeCaT CuPiDaTaT NoN PrOiDeNt, SuNt iN CuLpA QuI OfFiCiA DeSeRuNt mOlLiT AnIm iD EsT LaBoRuM?","!""#$%&'()*+,-./:;<=>?@[\]^_`{|}~",JuMpInG ZeBrAs vEx!
94,"drop the first half of the string, as computed by number of words then delete all excamation points, question marks, and periods from the string","def process(s):
    s =  "" "".join(s.split()[len(s.split ()) // 2 :])),
    s =  """".join([x for x in s if x not in "".!?""])",f933d9a936ae7edf633694fef613c320,jumps over a lazy dog,0123456789abcdefABCDEF,"commodo consequat Duis aute irure dolor in reprehenderit in voluptate velit esse cillum dolore eu fugiat nulla pariatur Excepteur sint occaecat cupidatat non proident, sunt in culpa qui officia deserunt mollit anim id est laborum","""#$%&'()*+,-/:;<=>@[\]^_`{|}~",jumping zebras vex
95,add the word apples after every word in the string then remove all instances of the letter e from the string,"def process(s):
    s =  "" "".join(word + "" apples"" for word in s.split())
    s =  s.replace(""e"", """")",a7ebc74f8ce6c3f65e4329d83605d38e,Th appls quick appls brown appls fox appls jumps appls ovr appls a appls lazy appls dog! appls,0123456789abcdfABCDEF appls,"Lorm appls ipsum appls dolor appls sit appls amt, appls conscttur appls adipiscing appls lit, appls sd appls do appls iusmod appls tmpor appls incididunt appls ut appls labor appls t appls dolor appls magna appls aliqua. appls Ut appls nim appls ad appls minim appls vniam, appls quis appls nostrud appls xrcitation appls ullamco appls laboris appls nisi appls ut appls aliquip appls x appls a appls commodo appls consquat. appls Duis appls aut appls irur appls dolor appls in appls rprhndrit appls in appls voluptat appls vlit appls ss appls cillum appls dolor appls u appls fugiat appls nulla appls pariatur. appls Excptur appls sint appls occacat appls cupidatat appls non appls proidnt, appls sunt appls in appls culpa appls qui appls officia appls dsrunt appls mollit appls anim appls id appls st appls laborum? appls","!""#$%&'()*+,-./:;<=>?@[\]^_`{|}~ appls",How appls quickly appls daft appls jumping appls zbras appls vx! appls
96,add the word apples after every word in the string then replace all spaces with exclamation points in the string,"def process(s):
    s =  "" "".join(word + "" apples"" for word in s.split())
    s =  s.replace("" "", ""!"")",7d24403a04017253dd549134a4fa6d15,The!apples!quick!apples!brown!apples!fox!apples!jumps!apples!over!apples!a!apples!lazy!apples!dog!!apples,0123456789abcdefABCDEF!apples,"Lorem!apples!ipsum!apples!dolor!apples!sit!apples!amet,!apples!consectetur!apples!adipiscing!apples!elit,!apples!sed!apples!do!apples!eiusmod!apples!tempor!apples!incididunt!apples!ut!apples!labore!apples!et!apples!dolore!apples!magna!apples!aliqua.!apples!Ut!apples!enim!apples!ad!apples!minim!apples!veniam,!apples!quis!apples!nostrud!apples!exercitation!apples!ullamco!apples!laboris!apples!nisi!apples!ut!apples!aliquip!apples!ex!apples!ea!apples!commodo!apples!consequat.!apples!Duis!apples!aute!apples!irure!apples!dolor!apples!in!apples!reprehenderit!apples!in!apples!voluptate!apples!velit!apples!esse!apples!cillum!apples!dolore!apples!eu!apples!fugiat!apples!nulla!apples!pariatur.!apples!Excepteur!apples!sint!apples!occaecat!apples!cupidatat!apples!non!apples!proident,!apples!sunt!apples!in!apples!culpa!apples!qui!apples!officia!apples!deserunt!apples!mollit!apples!anim!apples!id!apples!est!apples!laborum?!apples","!""#$%&'()*+,-./:;<=>?@[\]^_`{|}~!apples",How!apples!quickly!apples!daft!apples!jumping!apples!zebras!apples!vex!!apples
97,add the word apples after every word in the string then remove the first and last two characters of the string,"def process(s):
    s =  "" "".join(word + "" apples"" for word in s.split())
    s =  s[2:-2]",b751537a6d11cbc8afceec46a826c634,e apples quick apples brown apples fox apples jumps apples over apples a apples lazy apples dog! appl,23456789abcdefABCDEF appl,"rem apples ipsum apples dolor apples sit apples amet, apples consectetur apples adipiscing apples elit, apples sed apples do apples eiusmod apples tempor apples incididunt apples ut apples labore apples et apples dolore apples magna apples aliqua. apples Ut apples enim apples ad apples minim apples veniam, apples quis apples nostrud apples exercitation apples ullamco apples laboris apples nisi apples ut apples aliquip apples ex apples ea apples commodo apples consequat. apples Duis apples aute apples irure apples dolor apples in apples reprehenderit apples in apples voluptate apples velit apples esse apples cillum apples dolore apples eu apples fugiat apples nulla apples pariatur. apples Excepteur apples sint apples occaecat apples cupidatat apples non apples proident, apples sunt apples in apples culpa apples qui apples officia apples deserunt apples mollit apples anim apples id apples est apples laborum? appl","#$%&'()*+,-./:;<=>?@[\]^_`{|}~ appl",w apples quickly apples daft apples jumping apples zebras apples vex! appl
98,add the word apples after every word in the string then removes all vowels from the string,"def process(s):
    s =  "" "".join(word + "" apples"" for word in s.split())
    s =  """".join(char for char in s if char not in ""aeiouAEIOU"")",0bb3d5d9cd9d52f32b496cc9284de556,Th ppls qck ppls brwn ppls fx ppls jmps ppls vr ppls  ppls lzy ppls dg! ppls,0123456789bcdfBCDF ppls,"Lrm ppls psm ppls dlr ppls st ppls mt, ppls cnscttr ppls dpscng ppls lt, ppls sd ppls d ppls smd ppls tmpr ppls ncddnt ppls t ppls lbr ppls t ppls dlr ppls mgn ppls lq. ppls t ppls nm ppls d ppls mnm ppls vnm, ppls qs ppls nstrd ppls xrcttn ppls llmc ppls lbrs ppls ns ppls t ppls lqp ppls x ppls  ppls cmmd ppls cnsqt. ppls Ds ppls t ppls rr ppls dlr ppls n ppls rprhndrt ppls n ppls vlptt ppls vlt ppls ss ppls cllm ppls dlr ppls  ppls fgt ppls nll ppls prtr. ppls xcptr ppls snt ppls ccct ppls cpdtt ppls nn ppls prdnt, ppls snt ppls n ppls clp ppls q ppls ffc ppls dsrnt ppls mllt ppls nm ppls d ppls st ppls lbrm? ppls","!""#$%&'()*+,-./:;<=>?@[\]^_`{|}~ ppls",Hw ppls qckly ppls dft ppls jmpng ppls zbrs ppls vx! ppls
99,add the word apples after every word in the string then remove every third character from the string,"def process(s):
    s =  "" "".join(word + "" apples"" for word in s.split())
    s =  """".join(char for i, char in enumerate(s) if i % 3 != 0)",85025146fa53973a31d2c17411f88330,heaple qic apls ron ppesfo apls ums ppesovr ppesa ppeslay ppesdo! ppes,124578abdeABDE apls,"orm ppesipumaple dlo apls itaple aet apls onecetr ppesadpicig ppeselt,aple sd ppesdoaple eusodaple tmpr ppesiniddut ppesutaple lboe ppesetaple dloe ppesmanaaple aiqa.aple U apls ni apls d ppesmiimaple vnim,aple qisaple nstudaple eerittin ppesulamo ppeslaors ppesnii ppesutaple aiqipaple e apls a ppescomoo ppescoseua. ppesDus ppesaue ppesirreaple dlo apls n ppesrereenert ppesinaple vlutae ppesveitaple eseaple cllm ppesdoor apls u ppesfuia apls ula ppespaiaur apls xcpturaple sntaple ocaca apls updaataple nn ppespridnt apls un apls n ppescupaaple qi ppesofica ppesdeerntaple mllt ppesanm ppesidaple et ppeslaorm?aple","""#%&()+,./;<>?[\^_{|~ ppes",owaple qiclyaple dftaple jmpngaple zbrs ppesve! ppes
100,"add the word apples after every word in the string then drop the last half of the string, as computed by characters","def process(s):
    s =  "" "".join(word + "" apples"" for word in s.split())
    s =  s[: len(s) // 2]",99fd32c8bd467bbb8ae5ef9a90342d3b,The apples quick apples brown apples fox apples jump,0123456789abcd,"Lorem apples ipsum apples dolor apples sit apples amet, apples consectetur apples adipiscing apples elit, apples sed apples do apples eiusmod apples tempor apples incididunt apples ut apples labore apples et apples dolore apples magna apples aliqua. apples Ut apples enim apples ad apples minim apples veniam, apples quis apples nostrud apples exercitation apples ullamco apples laboris apples nisi apples ut apples aliquip apples ex apples ea apples commodo apple","!""#$%&'()*+,-./:;<=",How apples quickly apples daft apples j
101,add the word apples after every word in the string then replace spaces with triple spaces,"def process(s):
    s =  "" "".join(word + "" apples"" for word in s.split())
    s =  s.replace("" "", ""   "")",55426481d3b6bd428892d19f6ba89a25,The   apples   quick   apples   brown   apples   fox   apples   jumps   apples   over   apples   a   apples   lazy   apples   dog!   apples,0123456789abcdefABCDEF   apples,"Lorem   apples   ipsum   apples   dolor   apples   sit   apples   amet,   apples   consectetur   apples   adipiscing   apples   elit,   apples   sed   apples   do   apples   eiusmod   apples   tempor   apples   incididunt   apples   ut   apples   labore   apples   et   apples   dolore   apples   magna   apples   aliqua.   apples   Ut   apples   enim   apples   ad   apples   minim   apples   veniam,   apples   quis   apples   nostrud   apples   exercitation   apples   ullamco   apples   laboris   apples   nisi   apples   ut   apples   aliquip   apples   ex   apples   ea   apples   commodo   apples   consequat.   apples   Duis   apples   aute   apples   irure   apples   dolor   apples   in   apples   reprehenderit   apples   in   apples   voluptate   apples   velit   apples   esse   apples   cillum   apples   dolore   apples   eu   apples   fugiat   apples   nulla   apples   pariatur.   apples   Excepteur   apples   sint   apples   occaecat   apples   cupidatat   apples   non   apples   proident,   apples   sunt   apples   in   apples   culpa   apples   qui   apples   officia   apples   deserunt   apples   mollit   apples   anim   apples   id   apples   est   apples   laborum?   apples","!""#$%&'()*+,-./:;<=>?@[\]^_`{|}~   apples",How   apples   quickly   apples   daft   apples   jumping   apples   zebras   apples   vex!   apples
102,add the word apples after every word in the string then reverse the order of words in the string,"def process(s):
    s =  "" "".join(word + "" apples"" for word in s.split())
    s =  "" "".join(s.split()[::-1])",9884f44520e0261eb4b1545c2ff2ed64,apples dog! apples lazy apples a apples over apples jumps apples fox apples brown apples quick apples The,apples 0123456789abcdefABCDEF,"apples laborum? apples est apples id apples anim apples mollit apples deserunt apples officia apples qui apples culpa apples in apples sunt apples proident, apples non apples cupidatat apples occaecat apples sint apples Excepteur apples pariatur. apples nulla apples fugiat apples eu apples dolore apples cillum apples esse apples velit apples voluptate apples in apples reprehenderit apples in apples dolor apples irure apples aute apples Duis apples consequat. apples commodo apples ea apples ex apples aliquip apples ut apples nisi apples laboris apples ullamco apples exercitation apples nostrud apples quis apples veniam, apples minim apples ad apples enim apples Ut apples aliqua. apples magna apples dolore apples et apples labore apples ut apples incididunt apples tempor apples eiusmod apples do apples sed apples elit, apples adipiscing apples consectetur apples amet, apples sit apples dolor apples ipsum apples Lorem","apples !""#$%&'()*+,-./:;<=>?@[\]^_`{|}~",apples vex! apples zebras apples jumping apples daft apples quickly apples How
103,"add the word apples after every word in the string then drop the first half of the string, as computed by number of words","def process(s):
    s =  "" "".join(word + "" apples"" for word in s.split())
    s =  "" "".join(s.split()[len(s.split ()) // 2 :])),",48e67a258aaf6db539f85f65e372ce44,apples over apples a apples lazy apples dog! apples,apples,"apples consequat. apples Duis apples aute apples irure apples dolor apples in apples reprehenderit apples in apples voluptate apples velit apples esse apples cillum apples dolore apples eu apples fugiat apples nulla apples pariatur. apples Excepteur apples sint apples occaecat apples cupidatat apples non apples proident, apples sunt apples in apples culpa apples qui apples officia apples deserunt apples mollit apples anim apples id apples est apples laborum? apples",apples,jumping apples zebras apples vex! apples
104,add the word apples after every word in the string then make every other character in the string uppercase,"def process(s):
    s =  "" "".join(word + "" apples"" for word in s.split())
    s =  """".join(char.upper() if i % 2 == 0 else char for i, char in enumerate(s))",3a70ccf2a1f4e199c56a0b7346f36343,ThE ApPlEs qUiCk aPpLeS BrOwN ApPlEs fOx aPpLeS JuMpS ApPlEs oVeR ApPlEs a aPpLeS LaZy aPpLeS DoG! aPpLeS,0123456789AbCdEfABCDEF aPpLeS,"LoReM ApPlEs iPsUm aPpLeS DoLoR ApPlEs sIt aPpLeS AmEt, ApPlEs cOnSeCtEtUr aPpLeS AdIpIsCiNg aPpLeS ElIt, ApPlEs sEd aPpLeS Do aPpLeS EiUsMoD ApPlEs tEmPoR ApPlEs iNcIdIdUnT ApPlEs uT ApPlEs lAbOrE ApPlEs eT ApPlEs dOlOrE ApPlEs mAgNa aPpLeS AlIqUa. ApPlEs UT ApPlEs eNiM ApPlEs aD ApPlEs mInIm aPpLeS VeNiAm, ApPlEs qUiS ApPlEs nOsTrUd aPpLeS ExErCiTaTiOn aPpLeS UlLaMcO ApPlEs lAbOrIs aPpLeS NiSi aPpLeS Ut aPpLeS AlIqUiP ApPlEs eX ApPlEs eA ApPlEs cOmMoDo aPpLeS CoNsEqUaT. aPpLeS DuIs aPpLeS AuTe aPpLeS IrUrE ApPlEs dOlOr aPpLeS In aPpLeS RePrEhEnDeRiT ApPlEs iN ApPlEs vOlUpTaTe aPpLeS VeLiT ApPlEs eSsE ApPlEs cIlLuM ApPlEs dOlOrE ApPlEs eU ApPlEs fUgIaT ApPlEs nUlLa aPpLeS PaRiAtUr. ApPlEs EXcEpTeUr aPpLeS SiNt aPpLeS OcCaEcAt aPpLeS CuPiDaTaT ApPlEs nOn aPpLeS PrOiDeNt, ApPlEs sUnT ApPlEs iN ApPlEs cUlPa aPpLeS QuI ApPlEs oFfIcIa aPpLeS DeSeRuNt aPpLeS MoLlIt aPpLeS AnIm aPpLeS Id aPpLeS EsT ApPlEs lAbOrUm? ApPlEs","!""#$%&'()*+,-./:;<=>?@[\]^_`{|}~ aPpLeS",HoW ApPlEs qUiCkLy aPpLeS DaFt aPpLeS JuMpInG ApPlEs zEbRaS ApPlEs vEx! ApPlEs
105,"add the word apples after every word in the string then delete all excamation points, question marks, and periods from the string","def process(s):
    s =  "" "".join(word + "" apples"" for word in s.split())
    s =  """".join([x for x in s if x not in "".!?""])",f55e4a20b63b5840509caa32e11d981d,The apples quick apples brown apples fox apples jumps apples over apples a apples lazy apples dog apples,0123456789abcdefABCDEF apples,"Lorem apples ipsum apples dolor apples sit apples amet, apples consectetur apples adipiscing apples elit, apples sed apples do apples eiusmod apples tempor apples incididunt apples ut apples labore apples et apples dolore apples magna apples aliqua apples Ut apples enim apples ad apples minim apples veniam, apples quis apples nostrud apples exercitation apples ullamco apples laboris apples nisi apples ut apples aliquip apples ex apples ea apples commodo apples consequat apples Duis apples aute apples irure apples dolor apples in apples reprehenderit apples in apples voluptate apples velit apples esse apples cillum apples dolore apples eu apples fugiat apples nulla apples pariatur apples Excepteur apples sint apples occaecat apples cupidatat apples non apples proident, apples sunt apples in apples culpa apples qui apples officia apples deserunt apples mollit apples anim apples id apples est apples laborum apples","""#$%&'()*+,-/:;<=>@[\]^_`{|}~ apples",How apples quickly apples daft apples jumping apples zebras apples vex apples
106,make every other character in the string uppercase then remove all instances of the letter e from the string,"def process(s):
    s =  """".join(char.upper() if i % 2 == 0 else char for i, char in enumerate(s))
    s =  s.replace(""e"", """")",32a8f7ae022522df533bc4b588345e10,ThE QuIcK BrOwN FoX JuMpS OvEr a lAzY DoG!,0123456789AbCdEfABCDEF,"LoRM IpSuM DoLoR SiT AmEt, CoNsEcTTuR AdIpIsCiNg LiT, sEd dO EiUsMoD TMpOr iNcIdIdUnT Ut lAbOrE Et dOlOrE MaGnA AlIqUa. Ut NiM Ad mInIm vEnIaM, qUiS NoStRuD ExErCiTaTiOn uLlAmCo lAbOrIs nIsI Ut aLiQuIp X Ea cOmMoDo cOnSQuAt. DuIs aUtE IrUrE DoLoR In rEpRHNdErIt iN VoLuPtAtE VLiT EsS cIlLuM DoLoR U FuGiAt nUlLa pArIaTuR. EXcEpTUr sInT OcCaEcAt cUpIdAtAt nOn pRoIdEnT, sUnT In cUlPa qUi oFfIcIa dEsErUnT MoLlIt aNiM Id St lAbOrUm?","!""#$%&'()*+,-./:;<=>?@[\]^_`{|}~",HoW QuIcKlY DaFt jUmPiNg zEbRaS VX!
107,make every other character in the string uppercase then removes all vowels from the string,"def process(s):
    s =  """".join(char.upper() if i % 2 == 0 else char for i, char in enumerate(s))
    s =  """".join(char for char in s if char not in ""aeiouAEIOU"")",a19e2bff822e7e55bf118521f1baf4bb,Th QcK BrwN FX JMpS vr  lzY DG!,0123456789bCdfBCDF,"LRM pSM DLR ST mt, CNscTTR dpsCNg LT, sd d sMD TMpr NcddnT t lbr t dlr MGn lq. t NM d mnm vnM, qS NStRD xrCTTn LlmC lbrs ns t LQp X  cmMD cnSQt. Ds t rr DLR n rpRHNdrt N VLPtt VLT sS clLM DLR  FGt nlL prTR. XcpTr snT cCct cpdtt nn pRdnT, snT n clP q Ffc dsrnT MLlt NM d St lbrm?","!""#$%&'()*+,-./:;<=>?@[\]^_`{|}~",HW QcKlY DFt jmPNg zbRS VX!
108,make every other character in the string uppercase then remove every third character from the string,"def process(s):
    s =  """".join(char.upper() if i % 2 == 0 else char for i, char in enumerate(s))
    s =  """".join(char for i, char in enumerate(s) if i % 3 != 0)",8520ad4f3c289053b8d4bbce15bb1e2c,hEQucKBrwNFo JMp OEra Az DG!,124578AbdEABDE,"oRM pSM oLR iTAmt,CosETeuRAdpICig Li, EddOEisMD eMOriNIddUT t AbrEEtdOOr MGn AIqa.UteNM d Inm EnaM qiSNotRD xECiaTOnuLAmo AbrI nsIUtaLQup X a OmoD cnSQut.Dus Ut IUr DLo I rpRHedEItiNVouPAt VLi ESecILu DLoe U uGAtnULapAIauR EcETer In OCacA cpIAtt OnpRIdnT snTIncUPaqU ofIIadEErnTMolI aiMIdeS lbOUm","""#%&()+,./;<>?[\^_{|~",oWQucKY aF jmPNgzERa VX!
109,make every other character in the string uppercase then reverse the order of words in the string,"def process(s):
    s =  """".join(char.upper() if i % 2 == 0 else char for i, char in enumerate(s))
    s =  "" "".join(s.split()[::-1])",4bd6cb6a1409ada00a8ee7a64f6bfcde,DoG! lAzY a OvEr JuMpS FoX BrOwN QuIcK ThE,0123456789AbCdEfABCDEF,"lAbOrUm? eSt Id aNiM MoLlIt dEsErUnT oFfIcIa qUi cUlPa In sUnT pRoIdEnT, nOn cUpIdAtAt OcCaEcAt sInT EXcEpTeUr pArIaTuR. nUlLa FuGiAt eU DoLoRe cIlLuM EsSe VeLiT VoLuPtAtE iN rEpReHeNdErIt In DoLoR IrUrE aUtE DuIs cOnSeQuAt. cOmMoDo Ea eX aLiQuIp Ut nIsI lAbOrIs uLlAmCo ExErCiTaTiOn NoStRuD qUiS vEnIaM, mInIm Ad eNiM Ut AlIqUa. MaGnA dOlOrE Et lAbOrE Ut iNcIdIdUnT TeMpOr EiUsMoD dO sEd eLiT, AdIpIsCiNg CoNsEcTeTuR AmEt, SiT DoLoR IpSuM LoReM","!""#$%&'()*+,-./:;<=>?@[\]^_`{|}~",VeX! zEbRaS jUmPiNg DaFt QuIcKlY HoW
110,"make every other character in the string uppercase then drop the first half of the string, as computed by number of words","def process(s):
    s =  """".join(char.upper() if i % 2 == 0 else char for i, char in enumerate(s))
    s =  "" "".join(s.split()[len(s.split ()) // 2 :])),",b914df651c3b9ac3e0be688177601618,JuMpS OvEr a lAzY DoG!,0123456789AbCdEfABCDEF,"cOmMoDo cOnSeQuAt. DuIs aUtE IrUrE DoLoR In rEpReHeNdErIt iN VoLuPtAtE VeLiT EsSe cIlLuM DoLoRe eU FuGiAt nUlLa pArIaTuR. EXcEpTeUr sInT OcCaEcAt cUpIdAtAt nOn pRoIdEnT, sUnT In cUlPa qUi oFfIcIa dEsErUnT MoLlIt aNiM Id eSt lAbOrUm?","!""#$%&'()*+,-./:;<=>?@[\]^_`{|}~",jUmPiNg zEbRaS VeX!
111,make every other character in the string uppercase then add the word apples after every word in the string,"def process(s):
    s =  """".join(char.upper() if i % 2 == 0 else char for i, char in enumerate(s))
    s =  "" "".join(word + "" apples"" for word in s.split())",a7921696d9c6208b6bf7d727b9a59a25,ThE apples QuIcK apples BrOwN apples FoX apples JuMpS apples OvEr apples a apples lAzY apples DoG! apples,0123456789AbCdEfABCDEF apples,"LoReM apples IpSuM apples DoLoR apples SiT apples AmEt, apples CoNsEcTeTuR apples AdIpIsCiNg apples eLiT, apples sEd apples dO apples EiUsMoD apples TeMpOr apples iNcIdIdUnT apples Ut apples lAbOrE apples Et apples dOlOrE apples MaGnA apples AlIqUa. apples Ut apples eNiM apples Ad apples mInIm apples vEnIaM, apples qUiS apples NoStRuD apples ExErCiTaTiOn apples uLlAmCo apples lAbOrIs apples nIsI apples Ut apples aLiQuIp apples eX apples Ea apples cOmMoDo apples cOnSeQuAt. apples DuIs apples aUtE apples IrUrE apples DoLoR apples In apples rEpReHeNdErIt apples iN apples VoLuPtAtE apples VeLiT apples EsSe apples cIlLuM apples DoLoRe apples eU apples FuGiAt apples nUlLa apples pArIaTuR. apples EXcEpTeUr apples sInT apples OcCaEcAt apples cUpIdAtAt apples nOn apples pRoIdEnT, apples sUnT apples In apples cUlPa apples qUi apples oFfIcIa apples dEsErUnT apples MoLlIt apples aNiM apples Id apples eSt apples lAbOrUm? apples","!""#$%&'()*+,-./:;<=>?@[\]^_`{|}~ apples",HoW apples QuIcKlY apples DaFt apples jUmPiNg apples zEbRaS apples VeX! apples
112,"make every other character in the string uppercase then delete all excamation points, question marks, and periods from the string","def process(s):
    s =  """".join(char.upper() if i % 2 == 0 else char for i, char in enumerate(s))
    s =  """".join([x for x in s if x not in "".!?""])",c1b843e6b3c3137e1d26a0b29f0a0f7f,ThE QuIcK BrOwN FoX JuMpS OvEr a lAzY DoG,0123456789AbCdEfABCDEF,"LoReM IpSuM DoLoR SiT AmEt, CoNsEcTeTuR AdIpIsCiNg eLiT, sEd dO EiUsMoD TeMpOr iNcIdIdUnT Ut lAbOrE Et dOlOrE MaGnA AlIqUa Ut eNiM Ad mInIm vEnIaM, qUiS NoStRuD ExErCiTaTiOn uLlAmCo lAbOrIs nIsI Ut aLiQuIp eX Ea cOmMoDo cOnSeQuAt DuIs aUtE IrUrE DoLoR In rEpReHeNdErIt iN VoLuPtAtE VeLiT EsSe cIlLuM DoLoRe eU FuGiAt nUlLa pArIaTuR EXcEpTeUr sInT OcCaEcAt cUpIdAtAt nOn pRoIdEnT, sUnT In cUlPa qUi oFfIcIa dEsErUnT MoLlIt aNiM Id eSt lAbOrUm","""#$%&'()*+,-/:;<=>@[\]^_`{|}~",HoW QuIcKlY DaFt jUmPiNg zEbRaS VeX
113,"delete all excamation points, question marks, and periods from the string then replace all spaces with exclamation points in the string","def process(s):
    s =  """".join([x for x in s if x not in "".!?""])
    s =  s.replace("" "", ""!"")",5f2fda7a41a3651fde414277ea38f26e,The!quick!brown!fox!jumps!over!a!lazy!dog,0123456789abcdefABCDEF,"Lorem!ipsum!dolor!sit!amet,!consectetur!adipiscing!elit,!sed!do!eiusmod!tempor!incididunt!ut!labore!et!dolore!magna!aliqua!Ut!enim!ad!minim!veniam,!quis!nostrud!exercitation!ullamco!laboris!nisi!ut!aliquip!ex!ea!commodo!consequat!Duis!aute!irure!dolor!in!reprehenderit!in!voluptate!velit!esse!cillum!dolore!eu!fugiat!nulla!pariatur!Excepteur!sint!occaecat!cupidatat!non!proident,!sunt!in!culpa!qui!officia!deserunt!mollit!anim!id!est!laborum","""#$%&'()*+,-/:;<=>@[\]^_`{|}~",How!quickly!daft!jumping!zebras!vex
114,"delete all excamation points, question marks, and periods from the string then remove the first and last two characters of the string","def process(s):
    s =  """".join([x for x in s if x not in "".!?""])
    s =  s[2:-2]",60d67e69d7300a50341e536a64acb15a,e quick brown fox jumps over a lazy d,23456789abcdefABCD,"rem ipsum dolor sit amet, consectetur adipiscing elit, sed do eiusmod tempor incididunt ut labore et dolore magna aliqua Ut enim ad minim veniam, quis nostrud exercitation ullamco laboris nisi ut aliquip ex ea commodo consequat Duis aute irure dolor in reprehenderit in voluptate velit esse cillum dolore eu fugiat nulla pariatur Excepteur sint occaecat cupidatat non proident, sunt in culpa qui officia deserunt mollit anim id est labor","$%&'()*+,-/:;<=>@[\]^_`{|",w quickly daft jumping zebras v
115,"delete all excamation points, question marks, and periods from the string then remove every third character from the string","def process(s):
    s =  """".join([x for x in s if x not in "".!?""])
    s =  """".join(char for i, char in enumerate(s) if i % 3 != 0)",57421fc59ddd9965c776f31a843a4106,hequckbrwnfo jmp oera az dg,124578abdeABDE,"orm psm olr itamt,coseteuradpicig li, eddoeismd emoriniddut t abreetdoor mgn aiqa t ni a mni vnim,qus osru eerittin llmc lboisnii t liui e e cmmdocoseua Disaue rue olr n epehndri i vlutae elt ss cllm olreeufuia nll pritu Eceter in ocaca cpiatt onpridnt sntincupaqu ofiiadeerntmoli aimides lboum","#$&')*,-:;=>[\^_{|~",owqucky af jmpngzera vx
116,"delete all excamation points, question marks, and periods from the string then drop the last half of the string, as computed by characters","def process(s):
    s =  """".join([x for x in s if x not in "".!?""])
    s =  s[: len(s) // 2]",248fdc55b708ef4f382cfff7a7cee2aa,The quick brown fox ,0123456789a,"Lorem ipsum dolor sit amet, consectetur adipiscing elit, sed do eiusmod tempor incididunt ut labore et dolore magna aliqua Ut enim ad minim veniam, quis nostrud exercitation ullamco laboris nisi ut aliquip ex ea commodo ","""#$%&'()*+,-/:",How quickly daft 
117,"delete all excamation points, question marks, and periods from the string then make every other character in the string uppercase","def process(s):
    s =  """".join([x for x in s if x not in "".!?""])
    s =  """".join(char.upper() if i % 2 == 0 else char for i, char in enumerate(s))",17b1b118918e3548352f917373dbdf3d,ThE QuIcK BrOwN FoX JuMpS OvEr a lAzY DoG,0123456789AbCdEfABCDEF,"LoReM IpSuM DoLoR SiT AmEt, CoNsEcTeTuR AdIpIsCiNg eLiT, sEd dO EiUsMoD TeMpOr iNcIdIdUnT Ut lAbOrE Et dOlOrE MaGnA AlIqUa UT EnIm aD MiNiM VeNiAm, QuIs nOsTrUd eXeRcItAtIoN UlLaMcO LaBoRiS NiSi uT AlIqUiP Ex eA CoMmOdO CoNsEqUaT DuIs aUtE IrUrE DoLoR In rEpReHeNdErIt iN VoLuPtAtE VeLiT EsSe cIlLuM DoLoRe eU FuGiAt nUlLa pArIaTuR ExCePtEuR SiNt oCcAeCaT CuPiDaTaT NoN PrOiDeNt, SuNt iN CuLpA QuI OfFiCiA DeSeRuNt mOlLiT AnIm iD EsT LaBoRuM","""#$%&'()*+,-/:;<=>@[\]^_`{|}~",HoW QuIcKlY DaFt jUmPiNg zEbRaS VeX
